population,time,speed,maxHealth,maxHunger,maxThirst,maxStamina,maxReproductiveSatisfaction,fovRange,matingCooldownSeconds,reproductionTimeSeconds,growIntoAdultDurationSeconds,expectedAge,species
400,1,1.000977,202.5959,201.2856,198.1385,10.04275,149.5264,29.93451,19.90369,4.988222,19.96302,755.8267,Deer
400,2,1.000977,202.5959,201.2856,198.1385,10.04275,149.5264,29.93451,19.90369,4.988222,19.96302,755.8267,Deer
400,3,1.000977,202.5959,201.2856,198.1385,10.04275,149.5264,29.93451,19.90369,4.988222,19.96302,755.8267,Deer
401,4,1.001801,202.4299,201.1509,198.1803,10.0433,149.4764,29.94542,19.88716,4.994896,19.96705,756.3823,Deer
401,5,1.001801,202.4299,201.1509,198.1803,10.0433,149.4764,29.94542,19.88716,4.994896,19.96705,756.3823,Deer
402,6,1.002314,202.3992,201.1844,198.1483,10.04636,149.4454,29.96181,19.89349,4.995385,19.9649,756.2742,Deer
403,7,1.001966,202.3781,201.2652,198.1754,10.04717,149.3076,29.93485,19.88692,4.995261,19.9602,756.2853,Deer
398,8,1.001034,201.9901,200.9847,198.2915,10.04589,149.3141,29.96385,19.9301,4.995171,19.96062,755.5342,Deer
398,9,1.001034,201.9901,200.9847,198.2915,10.04589,149.3141,29.96385,19.9301,4.995171,19.96062,755.5342,Deer
399,10,1.000944,202.0853,201.0996,198.2361,10.0557,149.3924,29.98627,19.94947,4.991066,19.97886,755.3307,Deer
399,11,1.000944,202.0853,201.0996,198.2361,10.0557,149.3924,29.98627,19.94947,4.991066,19.97886,755.3307,Deer
399,12,1.000944,202.0853,201.0996,198.2361,10.0557,149.3924,29.98627,19.94947,4.991066,19.97886,755.3307,Deer
30,1,0.9828462,194.7997,791.2898,791.6579,10.49744,784.6545,31.11387,60.74982,4.983609,30.4795,770.0264,Bear
30,2,0.9828462,194.7997,791.2898,791.6579,10.49744,784.6545,31.11387,60.74982,4.983609,30.4795,770.0264,Bear
30,3,0.9828462,194.7997,791.2898,791.6579,10.49744,784.6545,31.11387,60.74982,4.983609,30.4795,770.0264,Bear
30,4,0.9828462,194.7997,791.2898,791.6579,10.49744,784.6545,31.11387,60.74982,4.983609,30.4795,770.0264,Bear
30,5,0.9828462,194.7997,791.2898,791.6579,10.49744,784.6545,31.11387,60.74982,4.983609,30.4795,770.0264,Bear
30,6,0.9828462,194.7997,791.2898,791.6579,10.49744,784.6545,31.11387,60.74982,4.983609,30.4795,770.0264,Bear
30,7,0.9828462,194.7997,791.2898,791.6579,10.49744,784.6545,31.11387,60.74982,4.983609,30.4795,770.0264,Bear
30,8,0.9828462,194.7997,791.2898,791.6579,10.49744,784.6545,31.11387,60.74982,4.983609,30.4795,770.0264,Bear
30,9,0.9828462,194.7997,791.2898,791.6579,10.49744,784.6545,31.11387,60.74982,4.983609,30.4795,770.0264,Bear
30,10,0.9828462,194.7997,791.2898,791.6579,10.49744,784.6545,31.11387,60.74982,4.983609,30.4795,770.0264,Bear
30,11,0.9828462,194.7997,791.2898,791.6579,10.49744,784.6545,31.11387,60.74982,4.983609,30.4795,770.0264,Bear
30,12,0.9828462,194.7997,791.2898,791.6579,10.49744,784.6545,31.11387,60.74982,4.983609,30.4795,770.0264,Bear
400,13,1.001417,201.9976,200.9967,198.1731,10.04661,149.4907,29.97093,19.94618,4.991753,19.99434,755.1895,Deer
399,14,0.9998814,201.953,200.9895,198.0661,10.04637,149.3562,29.96514,19.95039,4.99095,20.01261,754.2161,Deer
399,15,0.9998814,201.953,200.9895,198.0661,10.04637,149.3562,29.96514,19.95039,4.99095,20.01261,754.2161,Deer
400,16,0.9995797,201.8719,200.9384,197.9438,10.0436,149.4135,29.94965,19.9435,4.986714,20.02491,754.1119,Deer
403,17,0.9998105,201.4751,200.9396,197.8179,10.02857,149.2225,29.97558,19.95175,4.982931,20.04748,753.6553,Deer
405,18,1.000612,201.2198,200.8839,197.722,10.02905,149.2326,29.96667,19.94005,4.979335,20.08023,754.067,Deer
408,19,1.000439,201.3021,200.6662,197.9225,10.01408,149.3137,29.9284,19.9664,4.984641,20.10498,754.7986,Deer
407,20,1.002133,201.1326,200.9413,197.8796,10.01678,149.0682,29.93756,20.00158,4.972784,20.15474,755.9991,Deer
409,21,1.003243,201.2663,200.9628,197.8187,10.01604,148.9768,29.95681,19.99823,4.97042,20.15362,755.9039,Deer
411,22,1.003554,201.1672,201.1109,197.7059,10.03168,148.9565,29.96599,19.98826,4.966004,20.15346,755.4421,Deer
415,23,1.003154,200.9423,200.7806,197.8771,10.03574,148.8841,29.96523,19.99673,4.970543,20.16236,754.8363,Deer
417,24,1.003061,201.0985,200.8242,197.8711,10.02945,148.9967,30.01165,20.00583,4.971852,20.16397,754.2868,Deer
30,13,0.9828462,194.7997,791.2898,791.6579,10.49744,784.6545,31.11387,60.74982,4.983609,30.4795,770.0264,Bear
30,14,0.9828462,194.7997,791.2898,791.6579,10.49744,784.6545,31.11387,60.74982,4.983609,30.4795,770.0264,Bear
30,15,0.9828462,194.7997,791.2898,791.6579,10.49744,784.6545,31.11387,60.74982,4.983609,30.4795,770.0264,Bear
30,16,0.9828462,194.7997,791.2898,791.6579,10.49744,784.6545,31.11387,60.74982,4.983609,30.4795,770.0264,Bear
30,17,0.9828462,194.7997,791.2898,791.6579,10.49744,784.6545,31.11387,60.74982,4.983609,30.4795,770.0264,Bear
30,18,0.9828462,194.7997,791.2898,791.6579,10.49744,784.6545,31.11387,60.74982,4.983609,30.4795,770.0264,Bear
30,19,0.9828462,194.7997,791.2898,791.6579,10.49744,784.6545,31.11387,60.74982,4.983609,30.4795,770.0264,Bear
30,20,0.9828462,194.7997,791.2898,791.6579,10.49744,784.6545,31.11387,60.74982,4.983609,30.4795,770.0264,Bear
30,21,0.9828462,194.7997,791.2898,791.6579,10.49744,784.6545,31.11387,60.74982,4.983609,30.4795,770.0264,Bear
30,22,0.9828462,194.7997,791.2898,791.6579,10.49744,784.6545,31.11387,60.74982,4.983609,30.4795,770.0264,Bear
30,23,0.9828462,194.7997,791.2898,791.6579,10.49744,784.6545,31.11387,60.74982,4.983609,30.4795,770.0264,Bear
30,24,0.9828462,194.7997,791.2898,791.6579,10.49744,784.6545,31.11387,60.74982,4.983609,30.4795,770.0264,Bear
420,25,1.003579,200.9943,200.8053,197.9637,10.02723,148.9259,30.02595,19.99216,4.967365,20.17295,754.9388,Deer
414,26,1.003456,201.3566,200.9997,197.8334,10.02911,149.1691,30.06462,19.9256,4.978199,20.1762,757.2264,Deer
415,27,1.003281,201.5721,200.9753,197.9109,10.03271,149.1361,30.06269,19.92579,4.97592,20.18738,757.4141,Deer
420,28,1.003392,201.6093,201.187,197.9097,10.02673,149.225,30.07013,19.91727,4.973227,20.16741,756.598,Deer
427,29,1.003395,201.6803,201.2855,198.0514,10.01334,149.0618,30.04522,19.91222,4.978574,20.16951,756.5503,Deer
427,30,1.003577,201.5724,201.334,197.96,10.01263,149.019,30.02708,19.90801,4.976818,20.15408,757.3475,Deer
425,31,1.00331,201.589,201.2959,197.9806,10.01499,149.094,30.01115,19.90678,4.978468,20.16028,756.9658,Deer
392,32,1.002065,201.9392,202.8945,199.0351,10.02835,149.2087,30.02166,19.9137,4.97817,20.1476,755.8546,Deer
356,33,1.001329,201.7044,204.3922,200.5343,10.03861,148.8118,30.11287,19.88926,4.983058,20.20336,755.879,Deer
335,34,1.00093,201.9002,204.4808,202.1463,10.03208,149.0001,30.17099,19.92506,4.979558,20.20908,755.5914,Deer
289,35,1.000403,201.9252,205.6491,204.8532,10.04958,149.5155,30.21977,19.94868,4.956312,20.23356,755.8635,Deer
269,36,1.005019,201.8336,206.4177,205.6984,10.08053,149.8421,30.1484,19.8885,4.9818,20.25626,756.582,Deer
30,25,0.9828462,194.7997,791.2898,791.6579,10.49744,784.6545,31.11387,60.74982,4.983609,30.4795,770.0264,Bear
30,26,0.9828462,194.7997,791.2898,791.6579,10.49744,784.6545,31.11387,60.74982,4.983609,30.4795,770.0264,Bear
30,27,0.9828462,194.7997,791.2898,791.6579,10.49744,784.6545,31.11387,60.74982,4.983609,30.4795,770.0264,Bear
30,28,0.9828462,194.7997,791.2898,791.6579,10.49744,784.6545,31.11387,60.74982,4.983609,30.4795,770.0264,Bear
30,29,0.9828462,194.7997,791.2898,791.6579,10.49744,784.6545,31.11387,60.74982,4.983609,30.4795,770.0264,Bear
30,30,0.9828462,194.7997,791.2898,791.6579,10.49744,784.6545,31.11387,60.74982,4.983609,30.4795,770.0264,Bear
30,31,0.9828462,194.7997,791.2898,791.6579,10.49744,784.6545,31.11387,60.74982,4.983609,30.4795,770.0264,Bear
29,32,0.9862455,193.5715,792.3705,795.9946,10.51987,786.1478,31.31944,60.8702,5.009273,30.39447,769.7689,Bear
29,33,0.9862455,193.5715,792.3705,795.9946,10.51987,786.1478,31.31944,60.8702,5.009273,30.39447,769.7689,Bear
29,34,0.9862455,193.5715,792.3705,795.9946,10.51987,786.1478,31.31944,60.8702,5.009273,30.39447,769.7689,Bear
29,35,0.9862455,193.5715,792.3705,795.9946,10.51987,786.1478,31.31944,60.8702,5.009273,30.39447,769.7689,Bear
29,36,0.9862455,193.5715,792.3705,795.9946,10.51987,786.1478,31.31944,60.8702,5.009273,30.39447,769.7689,Bear
235,37,1.004794,201.2696,206.8147,206.7506,10.08433,150.4831,30.01151,19.89713,4.970235,20.34295,756.0642,Deer
209,38,1.003823,201.0096,208.1972,208.427,10.03419,150.7417,29.98213,19.85078,4.961306,20.33267,751.2142,Deer
185,39,1.010544,200.8291,209.0597,209.5068,9.983376,150.4885,29.94625,19.94195,4.959701,20.40026,753.0354,Deer
160,40,1.007855,200.0995,209.0682,210.1139,10.04523,151.4939,29.98783,19.85526,4.939714,20.39386,757.7199,Deer
139,41,1.005342,199.4751,210.2876,210.5002,9.9958,151.6978,29.99,20.02086,4.956215,20.36814,763.2611,Deer
123,42,1.010715,199.6444,209.8867,210.2148,9.941124,152.4243,29.96861,20.06694,4.947221,20.34998,761.7529,Deer
109,43,1.009857,198.8765,210.8719,210.5912,9.915631,153.0705,29.92482,19.98548,4.926904,20.4383,760.7913,Deer
103,44,1.010382,200.2808,209.7827,210.6782,9.952617,152.3548,29.96672,19.90767,4.948555,20.43388,760.5173,Deer
90,45,1.009946,200.6127,208.1604,210.6535,10.03349,152.9706,29.76859,19.75973,5.018456,20.32125,758.2155,Deer
79,46,1.01557,201.7574,205.8641,210.7614,10.11942,153.8413,29.55648,19.69728,5.032633,20.13741,758.3591,Deer
74,47,1.027053,202.0342,204.1537,209.4807,10.08788,152.9256,29.60273,19.59005,5.06888,20.11834,758.776,Deer
70,48,1.029764,202.2889,203.9096,209.9845,10.17074,151.7694,29.57563,19.41609,5.123039,19.73326,770.7949,Deer
29,37,0.9862455,193.5715,792.3705,795.9946,10.51987,786.1478,31.31944,60.8702,5.009273,30.39447,769.7689,Bear
30,38,0.9873521,195.0282,789.7271,795.0863,10.45889,789.8375,31.61757,60.90228,5.022838,30.80014,764.9282,Bear
30,39,0.9873521,195.0282,789.7271,795.0863,10.45889,789.8375,31.61757,60.90228,5.022838,30.80014,764.9282,Bear
30,40,0.9873521,195.0282,789.7271,795.0863,10.45889,789.8375,31.61757,60.90228,5.022838,30.80014,764.9282,Bear
30,41,0.9873521,195.0282,789.7271,795.0863,10.45889,789.8375,31.61757,60.90228,5.022838,30.80014,764.9282,Bear
30,42,0.9873521,195.0282,789.7271,795.0863,10.45889,789.8375,31.61757,60.90228,5.022838,30.80014,764.9282,Bear
27,43,1.000883,196.0282,786.4606,790.9451,10.44021,776.3936,31.63194,60.67332,5.046664,30.63826,764.2233,Bear
27,44,1.000883,196.0282,786.4606,790.9451,10.44021,776.3936,31.63194,60.67332,5.046664,30.63826,764.2233,Bear
27,45,1.000883,196.0282,786.4606,790.9451,10.44021,776.3936,31.63194,60.67332,5.046664,30.63826,764.2233,Bear
27,46,1.000883,196.0282,786.4606,790.9451,10.44021,776.3936,31.63194,60.67332,5.046664,30.63826,764.2233,Bear
27,47,1.000883,196.0282,786.4606,790.9451,10.44021,776.3936,31.63194,60.67332,5.046664,30.63826,764.2233,Bear
27,48,1.000883,196.0282,786.4606,790.9451,10.44021,776.3936,31.63194,60.67332,5.046664,30.63826,764.2233,Bear
64,49,1.043589,201.6434,204.0083,206.4113,10.0944,149.3927,29.4558,19.34641,5.083675,19.70253,767.0221,Deer
57,50,1.056306,201.6611,205.0326,201.9252,10.06681,146.736,29.34393,19.30567,5.062808,19.78664,766.7225,Deer
55,51,1.05547,200.5824,203.9442,200.2677,10.09841,146.305,29.52073,19.31901,5.064535,19.88686,765.4643,Deer
55,52,1.046944,200.3313,205.2576,199.3627,10.17541,145.7224,29.21474,19.35105,5.090603,19.81973,765.4893,Deer
55,53,1.049976,202.1882,207.016,199.2061,10.18213,145.1786,29.14208,19.39484,5.101717,19.58774,763.4997,Deer
53,54,1.042812,201.5537,206.8213,200.5603,10.18858,145.6545,29.21613,19.2579,5.11919,19.47366,765.8464,Deer
52,55,1.03894,202.3051,203.5211,201.7837,10.25615,146.6081,29.12907,19.12387,5.145182,19.29996,767.4991,Deer
52,56,1.035873,201.8296,201.8218,201.9132,10.1752,145.9178,28.74738,19.24624,5.126859,19.11166,766.5903,Deer
51,57,1.037251,202.0754,201.2886,202.4159,10.08244,145.6767,28.74351,19.27719,5.141727,19.17444,769.7604,Deer
51,58,1.034619,203.5213,201.1833,203.4812,10.10453,145.0226,28.73296,19.28161,5.131342,19.20685,763.6779,Deer
48,59,1.031134,202.6516,200.2398,203.9761,10.07753,144.3642,28.14681,19.31955,5.20697,19.43036,765.8956,Deer
50,60,1.041476,200.414,196.9855,206.3348,9.93975,142.0115,28.21875,19.38349,5.292974,19.15897,781.0164,Deer
26,49,1.003229,194.9999,785.5576,784.4951,10.47853,781.7333,31.70632,60.25135,5.042487,30.45505,765.4119,Bear
27,50,1.000042,195.3958,783.4095,782.1414,10.39184,784.6442,31.52962,60.11327,5.048019,30.68307,767.145,Bear
27,51,1.000042,195.3958,783.4095,782.1414,10.39184,784.6442,31.52962,60.11327,5.048019,30.68307,767.145,Bear
27,52,1.000042,195.3958,783.4095,782.1414,10.39184,784.6442,31.52962,60.11327,5.048019,30.68307,767.145,Bear
27,53,1.000042,195.3958,783.4095,782.1414,10.39184,784.6442,31.52962,60.11327,5.048019,30.68307,767.145,Bear
27,54,1.000042,195.3958,783.4095,782.1414,10.39184,784.6442,31.52962,60.11327,5.048019,30.68307,767.145,Bear
25,55,0.9942184,197.9332,778.3943,777.3522,10.27864,795.3624,31.14628,61.03412,5.079859,30.88817,768.8578,Bear
25,56,0.9942184,197.9332,778.3943,777.3522,10.27864,795.3624,31.14628,61.03412,5.079859,30.88817,768.8578,Bear
25,57,0.9942184,197.9332,778.3943,777.3522,10.27864,795.3624,31.14628,61.03412,5.079859,30.88817,768.8578,Bear
25,58,0.9942184,197.9332,778.3943,777.3522,10.27864,795.3624,31.14628,61.03412,5.079859,30.88817,768.8578,Bear
25,59,0.9942184,197.9332,778.3943,777.3522,10.27864,795.3624,31.14628,61.03412,5.079859,30.88817,768.8578,Bear
25,60,0.9942184,197.9332,778.3943,777.3522,10.27864,795.3624,31.14628,61.03412,5.079859,30.88817,768.8578,Bear
47,61,1.054869,201.9377,197.6588,206.2349,9.985333,138.9686,28.41088,19.38348,5.275586,19.15811,783.2518,Deer
46,62,1.056207,200.0809,196.5378,206.8584,10.01324,138.1574,28.22942,19.42871,5.289907,19.21553,778.2927,Deer
45,63,1.06153,200.0193,194.1486,207.5581,10.05082,137.8145,27.93387,19.32474,5.306302,19.22827,779.3,Deer
43,64,1.054201,201.4265,192.3059,208.2858,10.05138,138.2181,27.71365,19.47446,5.28712,18.95642,774.2017,Deer
40,65,1.066483,197.3546,189.8203,209.1939,10.03601,138.5504,27.66769,19.14505,5.351631,18.53832,776.2504,Deer
38,66,1.059253,196.4743,191.0068,209.0417,10.07821,138.4174,27.79113,18.88628,5.383165,18.44056,774.4334,Deer
33,67,1.057183,191.6223,190.692,208.746,10.06736,136.6962,27.38646,18.85337,5.37786,17.70352,775.6131,Deer
31,68,1.045514,191.9902,185.699,211.3252,10.09697,134.9845,27.59278,18.68388,5.446366,17.73755,773.4991,Deer
30,69,1.049818,192.1287,184.969,211.9625,10.13641,134.6926,27.59556,18.76359,5.482574,17.90265,763.0184,Deer
30,70,1.049818,192.1287,184.969,211.9625,10.13641,134.6926,27.59556,18.76359,5.482574,17.90265,763.0184,Deer
27,71,1.054912,194.7867,184.7339,212.8217,10.24012,131.9574,27.20984,18.87438,5.488882,17.98068,767.2008,Deer
26,72,1.058217,195.1596,184.3871,211.543,10.16644,131.2082,27.27472,18.99941,5.468104,17.9498,765.8118,Deer
23,61,0.9971954,199.5331,779.3154,767.8683,10.29287,801.909,31.42567,60.85734,5.043759,30.98191,773.1808,Bear
23,62,0.9971954,199.5331,779.3154,767.8683,10.29287,801.909,31.42567,60.85734,5.043759,30.98191,773.1808,Bear
24,63,0.996757,197.9594,780.0385,771.4515,10.3717,797.7556,31.03617,61.4984,5.045288,30.81426,772.3348,Bear
24,64,0.996757,197.9594,780.0385,771.4515,10.3717,797.7556,31.03617,61.4984,5.045288,30.81426,772.3348,Bear
24,65,0.996757,197.9594,780.0385,771.4515,10.3717,797.7556,31.03617,61.4984,5.045288,30.81426,772.3348,Bear
25,66,0.992345,198.8742,773.3792,770.939,10.35511,805.8454,30.95972,61.91472,4.998371,30.65728,777.5395,Bear
24,67,0.9944441,199.3831,777.6443,769.4529,10.35605,801.4478,30.97899,61.87361,4.952545,30.45355,777.4196,Bear
24,68,0.9944441,199.3831,777.6443,769.4529,10.35605,801.4478,30.97899,61.87361,4.952545,30.45355,777.4196,Bear
24,69,0.9944441,199.3831,777.6443,769.4529,10.35605,801.4478,30.97899,61.87361,4.952545,30.45355,777.4196,Bear
24,70,0.9944441,199.3831,777.6443,769.4529,10.35605,801.4478,30.97899,61.87361,4.952545,30.45355,777.4196,Bear
24,71,0.9944441,199.3831,777.6443,769.4529,10.35605,801.4478,30.97899,61.87361,4.952545,30.45355,777.4196,Bear
24,72,0.9944441,199.3831,777.6443,769.4529,10.35605,801.4478,30.97899,61.87361,4.952545,30.45355,777.4196,Bear
28,73,1.077261,193.0508,184.4064,217.7085,10.11477,127.1708,27.22072,18.97226,5.498158,18.01456,779.0121,Deer
28,74,1.077261,193.0508,184.4064,217.7085,10.11477,127.1708,27.22072,18.97226,5.498158,18.01456,779.0121,Deer
28,75,1.077261,193.0508,184.4064,217.7085,10.11477,127.1708,27.22072,18.97226,5.498158,18.01456,779.0121,Deer
27,76,1.065698,193.3948,183.0944,219.2247,10.02442,127.4872,26.87406,18.76024,5.555977,17.89268,780.1223,Deer
25,77,1.072416,195.2081,182.9696,223.6954,10.00632,125.1474,27.07263,18.76779,5.519487,18.01526,780.8112,Deer
25,78,1.072416,195.2081,182.9696,223.6954,10.00632,125.1474,27.07263,18.76779,5.519487,18.01526,780.8112,Deer
24,79,1.080349,194.2764,182.8795,223.3401,9.945102,124.4926,26.92925,18.78994,5.533882,18.03294,783.7418,Deer
23,80,1.078814,190.0839,185.9958,222.2296,9.900846,123.1492,27.04354,18.69474,5.464501,17.78174,796.6935,Deer
25,81,1.115375,191.5199,184.0793,235.4279,9.622796,116.285,26.76071,18.6566,5.55911,18.15065,816.2379,Deer
26,82,1.159725,191.1062,181.4572,238.3901,9.478918,112.5992,27.03981,18.94058,5.609974,18.00429,843.126,Deer
25,83,1.169082,192.1982,183.1112,238.4313,9.555511,109.9611,27.12528,19.16312,5.545743,18.00579,852.4578,Deer
23,84,1.184405,188.0489,185.6606,240.2747,9.501983,107.6826,26.70586,19.28198,5.494351,17.23957,876.9666,Deer
24,73,0.9944441,199.3831,777.6443,769.4529,10.35605,801.4478,30.97899,61.87361,4.952545,30.45355,777.4196,Bear
24,74,0.9944441,199.3831,777.6443,769.4529,10.35605,801.4478,30.97899,61.87361,4.952545,30.45355,777.4196,Bear
24,75,0.9944441,199.3831,777.6443,769.4529,10.35605,801.4478,30.97899,61.87361,4.952545,30.45355,777.4196,Bear
24,76,0.9944441,199.3831,777.6443,769.4529,10.35605,801.4478,30.97899,61.87361,4.952545,30.45355,777.4196,Bear
24,77,0.9944441,199.3831,777.6443,769.4529,10.35605,801.4478,30.97899,61.87361,4.952545,30.45355,777.4196,Bear
24,78,0.9944441,199.3831,777.6443,769.4529,10.35605,801.4478,30.97899,61.87361,4.952545,30.45355,777.4196,Bear
24,79,0.9944441,199.3831,777.6443,769.4529,10.35605,801.4478,30.97899,61.87361,4.952545,30.45355,777.4196,Bear
24,80,0.9944441,199.3831,777.6443,769.4529,10.35605,801.4478,30.97899,61.87361,4.952545,30.45355,777.4196,Bear
24,81,0.9944441,199.3831,777.6443,769.4529,10.35605,801.4478,30.97899,61.87361,4.952545,30.45355,777.4196,Bear
24,82,0.9944441,199.3831,777.6443,769.4529,10.35605,801.4478,30.97899,61.87361,4.952545,30.45355,777.4196,Bear
24,83,0.9944441,199.3831,777.6443,769.4529,10.35605,801.4478,30.97899,61.87361,4.952545,30.45355,777.4196,Bear
24,84,0.9944441,199.3831,777.6443,769.4529,10.35605,801.4478,30.97899,61.87361,4.952545,30.45355,777.4196,Bear
22,85,1.186747,187.4439,183.8384,241.294,9.546527,106.2998,26.75571,19.20891,5.520542,17.16711,880.2738,Deer
20,86,1.215668,187.76,184.3253,246.9617,9.376406,105.9694,27.42603,19.32081,5.621763,17.08995,906.485,Deer
22,87,1.269599,185.1425,180.4508,249.7733,9.217534,102.2171,28.48181,18.93135,5.638475,17.00889,912.2121,Deer
22,88,1.318766,176.9032,174.1554,254.1746,8.729405,98.56083,29.54139,19.00595,5.864956,16.72987,971.7385,Deer
22,89,1.318766,176.9032,174.1554,254.1746,8.729405,98.56083,29.54139,19.00595,5.864956,16.72987,971.7385,Deer
21,90,1.331181,176.1066,174.3761,257.2961,8.697104,96.39505,29.4997,18.78959,5.986002,16.67279,979.3185,Deer
20,91,1.358563,172.7536,171.4971,260.9398,8.578871,95.38947,29.84693,18.59185,6.088167,16.53019,996.1281,Deer
20,92,1.358563,172.7536,171.4971,260.9398,8.578871,95.38947,29.84693,18.59185,6.088167,16.53019,996.1281,Deer
19,93,1.359436,169.0526,166.2234,264.2967,8.454022,94.23186,30.03902,18.52466,6.136775,16.61406,998.4741,Deer
18,94,1.354146,169.2719,164.6441,268.0528,8.160557,91.68455,30.28703,18.35398,6.325943,16.48424,1009.014,Deer
18,95,1.354146,169.2719,164.6441,268.0528,8.160557,91.68455,30.28703,18.35398,6.325943,16.48424,1009.014,Deer
18,96,1.354146,169.2719,164.6441,268.0528,8.160557,91.68455,30.28703,18.35398,6.325943,16.48424,1009.014,Deer
24,85,0.9944441,199.3831,777.6443,769.4529,10.35605,801.4478,30.97899,61.87361,4.952545,30.45355,777.4196,Bear
24,86,0.9944441,199.3831,777.6443,769.4529,10.35605,801.4478,30.97899,61.87361,4.952545,30.45355,777.4196,Bear
24,87,0.9944441,199.3831,777.6443,769.4529,10.35605,801.4478,30.97899,61.87361,4.952545,30.45355,777.4196,Bear
25,88,0.9859544,198.1426,775.7115,766.4191,10.36868,803.4755,30.69076,61.9495,5.018988,30.70006,767.4243,Bear
25,89,0.9859544,198.1426,775.7115,766.4191,10.36868,803.4755,30.69076,61.9495,5.018988,30.70006,767.4243,Bear
25,90,0.9859544,198.1426,775.7115,766.4191,10.36868,803.4755,30.69076,61.9495,5.018988,30.70006,767.4243,Bear
24,91,0.9861093,198.1064,769.3726,766.4328,10.34677,806.0558,30.49755,61.5499,4.994068,30.81099,773.6138,Bear
24,92,0.9861093,198.1064,769.3726,766.4328,10.34677,806.0558,30.49755,61.5499,4.994068,30.81099,773.6138,Bear
24,93,0.9861093,198.1064,769.3726,766.4328,10.34677,806.0558,30.49755,61.5499,4.994068,30.81099,773.6138,Bear
24,94,0.9861093,198.1064,769.3726,766.4328,10.34677,806.0558,30.49755,61.5499,4.994068,30.81099,773.6138,Bear
24,95,0.9861093,198.1064,769.3726,766.4328,10.34677,806.0558,30.49755,61.5499,4.994068,30.81099,773.6138,Bear
24,96,0.9861093,198.1064,769.3726,766.4328,10.34677,806.0558,30.49755,61.5499,4.994068,30.81099,773.6138,Bear
17,97,1.428575,168.0826,154.7509,280.4425,7.916657,87.4837,32.02646,18.62545,6.407495,16.21859,1034.126,Deer
18,98,1.482467,166.4642,153.1389,288.7057,7.896595,86.63493,32.48869,18.54419,6.485462,16.07776,1031.024,Deer
18,99,1.482467,166.4642,153.1389,288.7057,7.896595,86.63493,32.48869,18.54419,6.485462,16.07776,1031.024,Deer
18,100,1.482467,166.4642,153.1389,288.7057,7.896595,86.63493,32.48869,18.54419,6.485462,16.07776,1031.024,Deer
17,101,1.453693,169.2212,156.6941,288.5003,7.898365,87.93473,32.48309,18.50649,6.440728,16.27723,1015.157,Deer
17,102,1.453693,169.2212,156.6941,288.5003,7.898365,87.93473,32.48309,18.50649,6.440728,16.27723,1015.157,Deer
15,103,1.450138,172.2907,162.7616,280.3227,8.133275,88.15773,32.53536,18.49069,6.352678,16.57871,974.3892,Deer
17,104,1.453324,169.3375,155.4122,283.3679,8.07617,84.00965,33.2505,18.08461,6.37009,16.25487,990.614,Deer
20,105,1.496841,171.9256,153.8229,277.3395,7.734581,79.99095,33.67939,18.06995,6.469028,16.19165,993.8342,Deer
19,106,1.515652,172.0301,155.4839,278.2286,7.710112,78.9974,33.92176,18.12999,6.418944,16.29636,980.2119,Deer
18,107,1.542988,173.4756,157.1076,280.5653,7.74464,78.71378,34.43709,17.76907,6.431852,16.58251,975.6521,Deer
18,108,1.542988,173.4756,157.1076,280.5653,7.74464,78.71378,34.43709,17.76907,6.431852,16.58251,975.6521,Deer
19,97,0.9873497,201.2688,768.4293,777.0607,10.46482,817.8718,30.87736,62.64825,5.044854,31.20183,781.4734,Bear
18,98,0.9912488,201.0232,770.6999,780.1783,10.5941,815.5132,31.09636,62.98854,5.036687,30.90128,779.766,Bear
18,99,0.9912488,201.0232,770.6999,780.1783,10.5941,815.5132,31.09636,62.98854,5.036687,30.90128,779.766,Bear
18,100,0.9912488,201.0232,770.6999,780.1783,10.5941,815.5132,31.09636,62.98854,5.036687,30.90128,779.766,Bear
18,101,0.9912488,201.0232,770.6999,780.1783,10.5941,815.5132,31.09636,62.98854,5.036687,30.90128,779.766,Bear
18,102,0.9912488,201.0232,770.6999,780.1783,10.5941,815.5132,31.09636,62.98854,5.036687,30.90128,779.766,Bear
17,103,0.9765945,201.4193,778.3582,788.2181,10.75473,815.9224,30.75073,63.66465,5.019526,30.56436,784.0359,Bear
16,104,0.9739164,199.1787,782.4388,789.435,10.88374,810.8651,30.15619,63.77917,4.994734,29.81434,794.0039,Bear
16,105,0.9739164,199.1787,782.4388,789.435,10.88374,810.8651,30.15619,63.77917,4.994734,29.81434,794.0039,Bear
16,106,0.9739164,199.1787,782.4388,789.435,10.88374,810.8651,30.15619,63.77917,4.994734,29.81434,794.0039,Bear
16,107,0.9739164,199.1787,782.4388,789.435,10.88374,810.8651,30.15619,63.77917,4.994734,29.81434,794.0039,Bear
16,108,0.9739164,199.1787,782.4388,789.435,10.88374,810.8651,30.15619,63.77917,4.994734,29.81434,794.0039,Bear
18,109,1.542988,173.4756,157.1076,280.5653,7.74464,78.71378,34.43709,17.76907,6.431852,16.58251,975.6521,Deer
17,110,1.659001,173.0246,154.0191,289.8173,7.564569,74.58502,35.49356,17.3462,6.399067,15.97116,984.7929,Deer
17,111,1.659001,173.0246,154.0191,289.8173,7.564569,74.58502,35.49356,17.3462,6.399067,15.97116,984.7929,Deer
18,112,1.679539,171.0674,151.1689,299.7766,7.561457,73.51343,36.11888,17.39835,6.453125,15.97548,981.5671,Deer
20,113,1.735476,165.7694,151.5647,301.4221,7.332445,69.74928,36.88459,17.67381,6.387549,15.52154,980.4932,Deer
21,114,1.724043,170.2304,155.6784,299.9235,7.497555,73.18551,36.16518,17.53311,6.275926,15.69184,979.4822,Deer
22,115,1.718073,169.1703,156.2438,303.5123,7.437994,72.54839,35.99228,17.30969,6.293826,15.52155,998.5889,Deer
22,116,1.718073,169.1703,156.2438,303.5123,7.437994,72.54839,35.99228,17.30969,6.293826,15.52155,998.5889,Deer
23,117,1.71756,169.6507,155.5307,306.6933,7.420704,71.68732,36.22004,17.33756,6.409503,15.51892,989.0444,Deer
22,118,1.732273,167.3402,150.1582,310.2929,7.344961,69.50954,36.5921,17.2587,6.485439,15.51498,994.1496,Deer
23,119,1.735662,166.1019,148.419,308.1316,7.338937,69.15934,36.88433,17.13867,6.491184,15.5553,994.1686,Deer
23,120,1.735662,166.1019,148.419,308.1316,7.338937,69.15934,36.88433,17.13867,6.491184,15.5553,994.1686,Deer
13,109,0.9407932,200.4695,791.7681,817.0422,10.83292,801.925,29.80976,64.06062,4.98009,31.0277,802.5818,Bear
13,110,0.9407932,200.4695,791.7681,817.0422,10.83292,801.925,29.80976,64.06062,4.98009,31.0277,802.5818,Bear
13,111,0.9407932,200.4695,791.7681,817.0422,10.83292,801.925,29.80976,64.06062,4.98009,31.0277,802.5818,Bear
13,112,0.9407932,200.4695,791.7681,817.0422,10.83292,801.925,29.80976,64.06062,4.98009,31.0277,802.5818,Bear
13,113,0.9407932,200.4695,791.7681,817.0422,10.83292,801.925,29.80976,64.06062,4.98009,31.0277,802.5818,Bear
13,114,0.9407932,200.4695,791.7681,817.0422,10.83292,801.925,29.80976,64.06062,4.98009,31.0277,802.5818,Bear
9,115,0.9827384,198.0178,804.5888,811.7025,10.70552,818.1984,29.80902,62.36634,4.955776,30.61123,795.9249,Bear
9,116,0.9827384,198.0178,804.5888,811.7025,10.70552,818.1984,29.80902,62.36634,4.955776,30.61123,795.9249,Bear
9,117,0.9827384,198.0178,804.5888,811.7025,10.70552,818.1984,29.80902,62.36634,4.955776,30.61123,795.9249,Bear
9,118,0.9827384,198.0178,804.5888,811.7025,10.70552,818.1984,29.80902,62.36634,4.955776,30.61123,795.9249,Bear
9,119,0.9827384,198.0178,804.5888,811.7025,10.70552,818.1984,29.80902,62.36634,4.955776,30.61123,795.9249,Bear
9,120,0.9827384,198.0178,804.5888,811.7025,10.70552,818.1984,29.80902,62.36634,4.955776,30.61123,795.9249,Bear
23,121,1.735662,166.1019,148.419,308.1316,7.338937,69.15934,36.88433,17.13867,6.491184,15.5553,994.1686,Deer
22,122,1.762957,166.8949,151.0012,307.0748,7.393254,69.74316,36.70705,17.15602,6.423936,15.58203,977.0358,Deer
19,123,1.782876,163.1728,147.2809,315.7117,7.444067,66.92843,36.30498,16.87913,6.383233,15.4226,959.3683,Deer
18,124,1.780854,164.1423,149.4091,317.6383,7.349193,67.89764,36.29727,17.0768,6.458373,15.57471,965.2493,Deer
17,125,1.83756,162.6765,143.5159,320.962,7.078678,67.13639,37.54777,16.8724,6.58601,15.19342,980.464,Deer
17,126,1.83756,162.6765,143.5159,320.962,7.078678,67.13639,37.54777,16.8724,6.58601,15.19342,980.464,Deer
17,127,1.83756,162.6765,143.5159,320.962,7.078678,67.13639,37.54777,16.8724,6.58601,15.19342,980.464,Deer
18,128,1.836465,164.1476,144.172,322.154,6.998088,67.41455,37.68803,16.74755,6.731503,15.06024,972.6573,Deer
18,129,1.836465,164.1476,144.172,322.154,6.998088,67.41455,37.68803,16.74755,6.731503,15.06024,972.6573,Deer
18,130,1.836465,164.1476,144.172,322.154,6.998088,67.41455,37.68803,16.74755,6.731503,15.06024,972.6573,Deer
18,131,1.847452,164.5454,144.4774,318.3812,7.010644,66.24077,37.8624,16.80675,6.935225,15.29884,963.9575,Deer
18,132,1.847452,164.5454,144.4774,318.3812,7.010644,66.24077,37.8624,16.80675,6.935225,15.29884,963.9575,Deer
9,121,0.9827384,198.0178,804.5888,811.7025,10.70552,818.1984,29.80902,62.36634,4.955776,30.61123,795.9249,Bear
10,122,1.026046,202.0616,813.7704,811.4504,10.73712,824.2445,30.78198,61.46741,4.906322,29.69538,806.0041,Bear
10,123,1.026046,202.0616,813.7704,811.4504,10.73712,824.2445,30.78198,61.46741,4.906322,29.69538,806.0041,Bear
10,124,1.026046,202.0616,813.7704,811.4504,10.73712,824.2445,30.78198,61.46741,4.906322,29.69538,806.0041,Bear
10,125,1.026046,202.0616,813.7704,811.4504,10.73712,824.2445,30.78198,61.46741,4.906322,29.69538,806.0041,Bear
10,126,1.026046,202.0616,813.7704,811.4504,10.73712,824.2445,30.78198,61.46741,4.906322,29.69538,806.0041,Bear
9,127,1.026743,205.1028,806.1768,824.2486,10.57241,820.6511,30.53982,63.09213,4.933979,29.46128,797.9172,Bear
9,128,1.026743,205.1028,806.1768,824.2486,10.57241,820.6511,30.53982,63.09213,4.933979,29.46128,797.9172,Bear
9,129,1.026743,205.1028,806.1768,824.2486,10.57241,820.6511,30.53982,63.09213,4.933979,29.46128,797.9172,Bear
9,130,1.026743,205.1028,806.1768,824.2486,10.57241,820.6511,30.53982,63.09213,4.933979,29.46128,797.9172,Bear
9,131,1.026743,205.1028,806.1768,824.2486,10.57241,820.6511,30.53982,63.09213,4.933979,29.46128,797.9172,Bear
9,132,1.026743,205.1028,806.1768,824.2486,10.57241,820.6511,30.53982,63.09213,4.933979,29.46128,797.9172,Bear
17,133,1.83679,166.119,146.934,309.5163,6.981355,66.88456,37.33963,16.7198,6.909526,15.25471,966.1474,Deer
16,134,1.823836,165.9207,147.6788,303.988,7.012985,67.0864,37.03425,16.73283,6.798532,15.43359,967.881,Deer
15,135,1.794755,167.4387,150.0668,301.7538,6.869387,66.78803,36.78109,16.60284,6.833542,15.43121,976.0001,Deer
14,136,1.792425,169.1615,151.0657,303.1579,6.91891,65.40706,36.51708,16.33595,6.764601,15.536,968.3542,Deer
18,137,1.840339,164.213,145.494,335.2527,7.090282,65.93206,36.62189,16.35415,7.126084,15.58107,975.6217,Deer
18,138,1.803883,167.4866,151.142,337.0724,6.872893,65.58475,35.85435,16.53676,6.892623,15.38216,968.8555,Deer
19,139,1.766988,166.8929,153.1111,334.5148,6.826198,64.73737,35.63498,16.95609,6.830761,15.25846,955.6121,Deer
19,140,1.766988,166.8929,153.1111,334.5148,6.826198,64.73737,35.63498,16.95609,6.830761,15.25846,955.6121,Deer
17,141,1.755652,168.8056,156.109,341.2579,6.766464,65.15037,35.19231,17.1614,6.911109,15.27244,953.9249,Deer
17,142,1.755652,168.8056,156.109,341.2579,6.766464,65.15037,35.19231,17.1614,6.911109,15.27244,953.9249,Deer
17,143,1.761654,168.429,158.7954,335.8113,6.681677,63.90743,35.33278,17.49345,7.110297,15.50207,922.1383,Deer
17,144,1.761654,168.429,158.7954,335.8113,6.681677,63.90743,35.33278,17.49345,7.110297,15.50207,922.1383,Deer
8,133,1.003844,202.3415,783.4172,810.0996,10.7766,841.6731,30.96497,61.63345,4.968682,29.61212,782.9293,Bear
8,134,1.003844,202.3415,783.4172,810.0996,10.7766,841.6731,30.96497,61.63345,4.968682,29.61212,782.9293,Bear
8,135,1.003844,202.3415,783.4172,810.0996,10.7766,841.6731,30.96497,61.63345,4.968682,29.61212,782.9293,Bear
8,136,1.003844,202.3415,783.4172,810.0996,10.7766,841.6731,30.96497,61.63345,4.968682,29.61212,782.9293,Bear
8,137,1.003844,202.3415,783.4172,810.0996,10.7766,841.6731,30.96497,61.63345,4.968682,29.61212,782.9293,Bear
8,138,1.003844,202.3415,783.4172,810.0996,10.7766,841.6731,30.96497,61.63345,4.968682,29.61212,782.9293,Bear
8,139,1.003844,202.3415,783.4172,810.0996,10.7766,841.6731,30.96497,61.63345,4.968682,29.61212,782.9293,Bear
8,140,1.003844,202.3415,783.4172,810.0996,10.7766,841.6731,30.96497,61.63345,4.968682,29.61212,782.9293,Bear
8,141,1.003844,202.3415,783.4172,810.0996,10.7766,841.6731,30.96497,61.63345,4.968682,29.61212,782.9293,Bear
8,142,1.003844,202.3415,783.4172,810.0996,10.7766,841.6731,30.96497,61.63345,4.968682,29.61212,782.9293,Bear
8,143,1.003844,202.3415,783.4172,810.0996,10.7766,841.6731,30.96497,61.63345,4.968682,29.61212,782.9293,Bear
8,144,1.003844,202.3415,783.4172,810.0996,10.7766,841.6731,30.96497,61.63345,4.968682,29.61212,782.9293,Bear
22,145,1.629706,168.9989,161.8776,322.3327,6.747744,59.08502,35.58788,18.3624,6.79832,15.73963,917.9253,Deer
22,146,1.574485,170.2104,165.0744,314.9971,6.647416,58.36014,35.07409,18.37412,6.742467,15.79697,904.6973,Deer
22,147,1.574485,170.2104,165.0744,314.9971,6.647416,58.36014,35.07409,18.37412,6.742467,15.79697,904.6973,Deer
22,148,1.574485,170.2104,165.0744,314.9971,6.647416,58.36014,35.07409,18.37412,6.742467,15.79697,904.6973,Deer
21,149,1.575945,169.8361,164.3945,319.3401,6.687523,58.56529,35.20041,18.36739,6.765525,15.84725,912.7192,Deer
21,150,1.575945,169.8361,164.3945,319.3401,6.687523,58.56529,35.20041,18.36739,6.765525,15.84725,912.7192,Deer
22,151,1.542798,168.4049,166.2597,315.8274,6.824839,57.36448,35.52693,18.42221,6.677285,15.83433,917.3599,Deer
27,152,1.517395,158.4387,163.977,319.3684,6.729599,53.26608,35.64506,18.89107,6.622051,14.9281,933.4326,Deer
30,153,1.477319,156.622,166.7429,317.1337,6.699732,53.34236,35.42452,18.83397,6.396248,14.65937,937.488,Deer
31,154,1.471681,155.2354,166.2407,316.7452,6.695844,53.45175,35.36782,18.72953,6.385338,14.50906,953.3287,Deer
31,155,1.471681,155.2354,166.2407,316.7452,6.695844,53.45175,35.36782,18.72953,6.385338,14.50906,953.3287,Deer
34,156,1.512424,154.9654,164.3874,328.5804,6.689219,54.76089,35.93899,18.93327,6.58123,14.56114,941.2936,Deer
7,145,0.9773458,197.4103,778.347,812.687,11.00703,825.9749,30.07895,63.02502,4.951784,30.13892,791.3809,Bear
7,146,0.9773458,197.4103,778.347,812.687,11.00703,825.9749,30.07895,63.02502,4.951784,30.13892,791.3809,Bear
7,147,0.9773458,197.4103,778.347,812.687,11.00703,825.9749,30.07895,63.02502,4.951784,30.13892,791.3809,Bear
7,148,0.9773458,197.4103,778.347,812.687,11.00703,825.9749,30.07895,63.02502,4.951784,30.13892,791.3809,Bear
7,149,0.9773458,197.4103,778.347,812.687,11.00703,825.9749,30.07895,63.02502,4.951784,30.13892,791.3809,Bear
7,150,0.9773458,197.4103,778.347,812.687,11.00703,825.9749,30.07895,63.02502,4.951784,30.13892,791.3809,Bear
6,151,0.9751175,197.5514,780.5666,798.8954,10.84653,859.6483,30.47616,65.97025,5.007676,29.07018,792.9697,Bear
6,152,0.9751175,197.5514,780.5666,798.8954,10.84653,859.6483,30.47616,65.97025,5.007676,29.07018,792.9697,Bear
6,153,0.9751175,197.5514,780.5666,798.8954,10.84653,859.6483,30.47616,65.97025,5.007676,29.07018,792.9697,Bear
6,154,0.9751175,197.5514,780.5666,798.8954,10.84653,859.6483,30.47616,65.97025,5.007676,29.07018,792.9697,Bear
6,155,0.9751175,197.5514,780.5666,798.8954,10.84653,859.6483,30.47616,65.97025,5.007676,29.07018,792.9697,Bear
6,156,0.9751175,197.5514,780.5666,798.8954,10.84653,859.6483,30.47616,65.97025,5.007676,29.07018,792.9697,Bear
37,157,1.504409,155.7259,161.8139,325.8218,6.706195,54.32666,36.10884,19.07361,6.689053,14.62623,927.6411,Deer
41,158,1.50057,156.6659,161.0889,323.4363,6.609958,53.65848,36.40435,18.83523,6.696225,14.72521,920.0732,Deer
42,159,1.501584,155.493,160.9752,326.0637,6.557245,53.67136,36.16764,18.65488,6.677346,14.65618,930.894,Deer
43,160,1.499255,155.322,161.6644,327.5119,6.494248,53.72937,35.92412,18.6418,6.638252,14.59276,932.2858,Deer
46,161,1.486618,156.2838,162.5466,323.2936,6.517365,53.4929,36.12564,18.55236,6.586573,14.3441,943.1531,Deer
52,162,1.460852,155.1413,164.2548,320.8441,6.452632,51.82052,36.60186,18.6851,6.601115,14.1387,933.5318,Deer
54,163,1.482796,156.0242,163.0002,322.3044,6.419191,51.71917,36.51315,18.36861,6.629573,14.12102,939.9357,Deer
54,164,1.482796,156.0242,163.0002,322.3044,6.419191,51.71917,36.51315,18.36861,6.629573,14.12102,939.9357,Deer
57,165,1.46689,157.2162,164.3938,316.8867,6.343399,51.53525,36.33144,18.33434,6.557144,13.94989,954.2739,Deer
62,166,1.441598,157.1687,162.3191,312.5275,6.400403,50.58792,35.87309,18.47721,6.654008,13.93896,945.8621,Deer
66,167,1.440397,157.2124,162.4642,311.896,6.410701,50.02645,36.1969,18.62433,6.753829,13.85237,935.9573,Deer
67,168,1.43703,156.9971,163.0739,312.104,6.402546,49.82929,36.20916,18.61987,6.738607,13.81757,934.6667,Deer
5,157,0.9749123,203.088,742.205,805.942,10.65621,852.8027,30.10709,66.43985,5.110005,29.11515,791.363,Bear
5,158,0.9749123,203.088,742.205,805.942,10.65621,852.8027,30.10709,66.43985,5.110005,29.11515,791.363,Bear
5,159,0.9749123,203.088,742.205,805.942,10.65621,852.8027,30.10709,66.43985,5.110005,29.11515,791.363,Bear
5,160,0.9749123,203.088,742.205,805.942,10.65621,852.8027,30.10709,66.43985,5.110005,29.11515,791.363,Bear
5,161,0.9749123,203.088,742.205,805.942,10.65621,852.8027,30.10709,66.43985,5.110005,29.11515,791.363,Bear
5,162,0.9749123,203.088,742.205,805.942,10.65621,852.8027,30.10709,66.43985,5.110005,29.11515,791.363,Bear
4,163,1.017787,197.3549,758.9889,778.8229,10.95879,858.2565,28.62868,66.32423,5.006915,27.97933,769.895,Bear
4,164,1.017787,197.3549,758.9889,778.8229,10.95879,858.2565,28.62868,66.32423,5.006915,27.97933,769.895,Bear
4,165,1.017787,197.3549,758.9889,778.8229,10.95879,858.2565,28.62868,66.32423,5.006915,27.97933,769.895,Bear
4,166,1.017787,197.3549,758.9889,778.8229,10.95879,858.2565,28.62868,66.32423,5.006915,27.97933,769.895,Bear
4,167,1.017787,197.3549,758.9889,778.8229,10.95879,858.2565,28.62868,66.32423,5.006915,27.97933,769.895,Bear
4,168,1.017787,197.3549,758.9889,778.8229,10.95879,858.2565,28.62868,66.32423,5.006915,27.97933,769.895,Bear
67,169,1.43703,156.9971,163.0739,312.104,6.402546,49.82929,36.20916,18.61987,6.738607,13.81757,934.6667,Deer
69,170,1.444814,158.2155,162.1049,313.0848,6.370635,50.06604,36.35014,18.53559,6.808873,13.90576,933.3495,Deer
76,171,1.435591,156.616,163.5715,311.0383,6.428628,51.18636,35.92214,18.71708,6.842271,13.8839,924.5377,Deer
84,172,1.405219,156.2931,165.1678,307.0041,6.456773,50.30936,35.804,18.84754,6.8253,13.55863,907.4041,Deer
92,173,1.386349,154.4452,165.3584,307.7081,6.35985,49.64649,35.9972,18.92062,6.839607,13.41131,906.007,Deer
91,174,1.38891,154.459,165.0578,309.0544,6.354495,49.80291,35.97312,18.87457,6.857707,13.40449,907.9811,Deer
100,175,1.393543,154.662,165.6561,309.2433,6.424144,49.62946,36.45184,18.80472,6.796339,13.2339,915.5871,Deer
112,176,1.37342,152.2022,166.8964,305.9225,6.5619,49.14396,36.64606,18.70002,6.789489,12.98424,908.9728,Deer
124,177,1.360026,150.8558,166.7202,307.5716,6.428512,49.44985,36.89111,18.58006,6.823471,12.86012,912.2831,Deer
125,178,1.368466,151.113,166.6277,307.9172,6.417614,49.63712,36.83846,18.53794,6.831854,12.89447,911.7311,Deer
128,179,1.374872,151.0659,166.0044,309.3651,6.375642,49.48729,36.9062,18.45964,6.838946,12.80737,905.859,Deer
166,180,1.427337,150.1522,166.9001,322.9224,6.608001,49.40555,36.16764,18.83412,7.046605,12.95659,866.1525,Deer
4,169,1.017787,197.3549,758.9889,778.8229,10.95879,858.2565,28.62868,66.32423,5.006915,27.97933,769.895,Bear
4,170,1.017787,197.3549,758.9889,778.8229,10.95879,858.2565,28.62868,66.32423,5.006915,27.97933,769.895,Bear
4,171,1.017787,197.3549,758.9889,778.8229,10.95879,858.2565,28.62868,66.32423,5.006915,27.97933,769.895,Bear
3,172,1.096315,207.0164,768.8771,807.2283,11.05445,860.2959,30.24712,67.1754,4.471352,25.1003,850.6815,Bear
3,173,1.096315,207.0164,768.8771,807.2283,11.05445,860.2959,30.24712,67.1754,4.471352,25.1003,850.6815,Bear
3,174,1.096315,207.0164,768.8771,807.2283,11.05445,860.2959,30.24712,67.1754,4.471352,25.1003,850.6815,Bear
3,175,1.096315,207.0164,768.8771,807.2283,11.05445,860.2959,30.24712,67.1754,4.471352,25.1003,850.6815,Bear
3,176,1.096315,207.0164,768.8771,807.2283,11.05445,860.2959,30.24712,67.1754,4.471352,25.1003,850.6815,Bear
3,177,1.096315,207.0164,768.8771,807.2283,11.05445,860.2959,30.24712,67.1754,4.471352,25.1003,850.6815,Bear
3,178,1.096315,207.0164,768.8771,807.2283,11.05445,860.2959,30.24712,67.1754,4.471352,25.1003,850.6815,Bear
3,179,1.096315,207.0164,768.8771,807.2283,11.05445,860.2959,30.24712,67.1754,4.471352,25.1003,850.6815,Bear
3,180,1.096315,207.0164,768.8771,807.2283,11.05445,860.2959,30.24712,67.1754,4.471352,25.1003,850.6815,Bear
176,181,1.414826,150.9277,166.7929,321.9098,6.633795,48.98509,36.3116,18.81037,7.089429,12.98743,861.7099,Deer
188,182,1.388864,151.1251,166.3903,319.3799,6.519195,48.66954,36.2159,18.66983,7.184529,12.81186,853.7191,Deer
190,183,1.378558,150.7194,166.9162,319.1175,6.520069,48.25114,36.09103,18.65192,7.185949,12.72185,849.5066,Deer
194,184,1.38985,151.9119,167.3537,319.02,6.51098,48.4602,36.06586,18.52291,7.141131,12.71769,854.7273,Deer
201,185,1.393226,151.6251,167.7967,316.8407,6.47943,48.42892,36.04374,18.50951,7.141391,12.73961,851.8469,Deer
217,186,1.395665,151.4809,167.9753,313.4298,6.461311,48.93197,36.1944,18.41161,7.122131,12.89133,849.7406,Deer
236,187,1.412276,151.7694,169.8722,318.0526,6.314915,49.61844,36.17355,18.243,6.986479,12.98059,868.2498,Deer
246,188,1.418533,153.3702,169.4766,321.9679,6.327924,49.85128,36.51499,18.34426,7.032651,13.12489,860.4209,Deer
249,189,1.418577,153.0354,169.3235,321.8589,6.34975,49.87863,36.44326,18.37058,7.039687,13.11119,857.8847,Deer
247,190,1.421806,153.4923,169.5603,323.2498,6.340873,50.05487,36.54462,18.30208,7.041382,13.12054,857.7444,Deer
256,191,1.431733,153.6496,169.1605,324.813,6.355693,50.03011,36.55952,18.32128,7.085769,13.19044,857.1794,Deer
267,192,1.444057,152.9174,167.9428,327.1715,6.36836,50.45,36.36336,18.36635,7.125145,13.23356,857.2565,Deer
3,181,1.096315,207.0164,768.8771,807.2283,11.05445,860.2959,30.24712,67.1754,4.471352,25.1003,850.6815,Bear
3,182,1.096315,207.0164,768.8771,807.2283,11.05445,860.2959,30.24712,67.1754,4.471352,25.1003,850.6815,Bear
3,183,1.096315,207.0164,768.8771,807.2283,11.05445,860.2959,30.24712,67.1754,4.471352,25.1003,850.6815,Bear
3,184,1.096315,207.0164,768.8771,807.2283,11.05445,860.2959,30.24712,67.1754,4.471352,25.1003,850.6815,Bear
3,185,1.096315,207.0164,768.8771,807.2283,11.05445,860.2959,30.24712,67.1754,4.471352,25.1003,850.6815,Bear
2,186,1.201244,200.109,846.5383,831.5231,11.60322,790.4438,30.80822,64.80988,4.770846,24.20562,824.7968,Bear
2,187,1.201244,200.109,846.5383,831.5231,11.60322,790.4438,30.80822,64.80988,4.770846,24.20562,824.7968,Bear
2,188,1.201244,200.109,846.5383,831.5231,11.60322,790.4438,30.80822,64.80988,4.770846,24.20562,824.7968,Bear
2,189,1.201244,200.109,846.5383,831.5231,11.60322,790.4438,30.80822,64.80988,4.770846,24.20562,824.7968,Bear
2,190,1.201244,200.109,846.5383,831.5231,11.60322,790.4438,30.80822,64.80988,4.770846,24.20562,824.7968,Bear
2,191,1.201244,200.109,846.5383,831.5231,11.60322,790.4438,30.80822,64.80988,4.770846,24.20562,824.7968,Bear
2,192,1.201244,200.109,846.5383,831.5231,11.60322,790.4438,30.80822,64.80988,4.770846,24.20562,824.7968,Bear
