population,time,deathsByAge,deathsByHunger,deathsByThirst,deathsByHunt,deathsTotal,births,speed,size,hungerDecreaseFactor,thirstDecreaseFactor,staminaDecreaseFactor,staminaIncreaseFactor,gestationDuration,durationBetweenPregnancies,fovRange,growIntoAdultDurationSeconds,expectedAge,maxSpeed,minSpeed,maxSize,minSize,species
150,1,0,0,0,0,0,0,1.204158,1.210845,0.33,0.29,4,1,3,3,30,17,750,5,0.1,3,0.1,Deer
150,2,0,0,0,0,0,0,1.204158,1.210845,0.33,0.29,4,1,3,3,30,17,750,5,0.1,3,0.1,Deer
150,3,0,0,0,0,0,0,1.204158,1.210845,0.33,0.29,4,1,3,3,30,17,750,5,0.1,3,0.1,Deer
151,4,0,0,0,0,0,1,1.2042,1.2119,0.33,0.29,4,1,3,3,30,17,750,5,0.1,3,0.1,Deer
152,5,0,0,0,0,0,1,1.202509,1.210797,0.33,0.29,4,1,3,3,30,17,750,5,0.1,3,0.1,Deer
153,6,0,0,0,0,0,1,1.206141,1.209603,0.33,0.29,4,1,3,3,30,17,750,5,0.1,3,0.1,Deer
154,7,1,0,0,0,1,2,1.2058,1.208364,0.33,0.29,4,1,3,3,30,17,750,5,0.1,3,0.1,Deer
154,8,0,0,0,0,0,0,1.2058,1.208364,0.33,0.29,4,1,3,3,30,17,750,5,0.1,3,0.1,Deer
157,9,0,0,0,0,0,3,1.207213,1.205758,0.33,0.29,4,1,3,3,30,17,750,5,0.1,3,0.1,Deer
165,10,0,0,0,0,0,8,1.205125,1.208113,0.33,0.29,4,1,3,3,30,17,750,5,0.1,3,0.1,Deer
167,11,0,0,0,0,0,2,1.206552,1.210189,0.33,0.29,4,1,3,3,30,17,750,5,0.1,3,0.1,Deer
167,12,0,0,0,0,0,0,1.206552,1.210189,0.33,0.29,4,1,3,3,30,17,750,5,0.1,3,0.1,Deer
0,1,0,0,0,0,0,0,0,0,0,0,0,0,0,0,0,0,0,0,0,0,0,Bear
0,2,0,0,0,0,0,0,0,0,0,0,0,0,0,0,0,0,0,0,0,0,0,Bear
0,3,0,0,0,0,0,0,0,0,0,0,0,0,0,0,0,0,0,0,0,0,0,Bear
0,4,0,0,0,0,0,0,0,0,0,0,0,0,0,0,0,0,0,0,0,0,0,Bear
0,5,0,0,0,0,0,0,0,0,0,0,0,0,0,0,0,0,0,0,0,0,0,Bear
0,6,0,0,0,0,0,0,0,0,0,0,0,0,0,0,0,0,0,0,0,0,0,Bear
0,7,0,0,0,0,0,0,0,0,0,0,0,0,0,0,0,0,0,0,0,0,0,Bear
0,8,0,0,0,0,0,0,0,0,0,0,0,0,0,0,0,0,0,0,0,0,0,Bear
0,9,0,0,0,0,0,0,0,0,0,0,0,0,0,0,0,0,0,0,0,0,0,Bear
0,10,0,0,0,0,0,0,0,0,0,0,0,0,0,0,0,0,0,0,0,0,0,Bear
0,11,0,0,0,0,0,0,0,0,0,0,0,0,0,0,0,0,0,0,0,0,0,Bear
0,12,0,0,0,0,0,0,0,0,0,0,0,0,0,0,0,0,0,0,0,0,0,Bear
166,13,1,0,0,0,1,0,1.205198,1.211836,0.33,0.29,4,1,3,3,30,17,750,5,0.1,3,0.1,Deer
167,14,0,0,0,0,0,1,1.207014,1.21157,0.33,0.29,4,1,3,3,30,17,750,5,0.1,3,0.1,Deer
169,15,0,0,0,0,0,2,1.206496,1.212599,0.33,0.29,4,1,3,3,30,17,750,5,0.1,3,0.1,Deer
171,16,0,0,0,0,0,2,1.210213,1.212006,0.33,0.29,4,1,3,3,30,17,750,5,0.1,3,0.1,Deer
172,17,0,0,0,0,0,1,1.21062,1.209279,0.33,0.29,4,1,3,3,30,17,750,5,0.1,3,0.1,Deer
176,18,0,0,0,0,0,4,1.215294,1.207563,0.33,0.29,4,1,3,3,30,17,750,5,0.1,3,0.1,Deer
176,19,2,0,0,0,2,2,1.218829,1.207978,0.33,0.29,4,1,3,3,30,17,750,5,0.1,3,0.1,Deer
178,20,0,0,0,0,0,2,1.216428,1.210328,0.33,0.29,4,1,3,3,30,17,750,5,0.1,3,0.1,Deer
184,21,0,0,0,0,0,6,1.215687,1.213467,0.33,0.29,4,1,3,3,30,17,750,5,0.1,3,0.1,Deer
198,22,0,0,0,0,0,14,1.213944,1.215999,0.33,0.29,4,1,3,3,30,17,750,5,0.1,3,0.1,Deer
212,23,0,0,0,0,0,14,1.221869,1.222687,0.33,0.29,4,1,3,3,30,17,750,5,0.1,3,0.1,Deer
220,24,0,0,0,0,0,8,1.222987,1.224392,0.33,0.29,4,1,3,3,30,17,750,5,0.1,3,0.1,Deer
0,13,0,0,0,0,0,0,0,0,0,0,0,0,0,0,0,0,0,0,0,0,0,Bear
0,14,0,0,0,0,0,0,0,0,0,0,0,0,0,0,0,0,0,0,0,0,0,Bear
0,15,0,0,0,0,0,0,0,0,0,0,0,0,0,0,0,0,0,0,0,0,0,Bear
0,16,0,0,0,0,0,0,0,0,0,0,0,0,0,0,0,0,0,0,0,0,0,Bear
0,17,0,0,0,0,0,0,0,0,0,0,0,0,0,0,0,0,0,0,0,0,0,Bear
0,18,0,0,0,0,0,0,0,0,0,0,0,0,0,0,0,0,0,0,0,0,0,Bear
0,19,0,0,0,0,0,0,0,0,0,0,0,0,0,0,0,0,0,0,0,0,0,Bear
0,20,0,0,0,0,0,0,0,0,0,0,0,0,0,0,0,0,0,0,0,0,0,Bear
0,21,0,0,0,0,0,0,0,0,0,0,0,0,0,0,0,0,0,0,0,0,0,Bear
0,22,0,0,0,0,0,0,0,0,0,0,0,0,0,0,0,0,0,0,0,0,0,Bear
0,23,0,0,0,0,0,0,0,0,0,0,0,0,0,0,0,0,0,0,0,0,0,Bear
0,24,0,0,0,0,0,0,0,0,0,0,0,0,0,0,0,0,0,0,0,0,0,Bear
230,25,4,0,0,0,4,14,1.224907,1.22481,0.33,0.29,4,1,3,3,30,17,750,5,0.1,3,0.1,Deer
230,26,0,0,0,0,0,0,1.224907,1.22481,0.33,0.29,4,1,3,3,30,17,750,5,0.1,3,0.1,Deer
235,27,0,0,0,0,0,5,1.221378,1.223227,0.33,0.29,4,1,3,3,30,17,750,5,0.1,3,0.1,Deer
238,28,0,0,0,0,0,3,1.222497,1.222203,0.33,0.29,4,1,3,3,30,17,750,5,0.1,3,0.1,Deer
247,29,0,0,0,0,0,9,1.228197,1.229245,0.33,0.29,4,1,3,3,30,17,750,5,0.1,3,0.1,Deer
263,30,0,0,0,0,0,16,1.227766,1.227153,0.33,0.29,4,1,3,3,30,17,750,5,0.1,3,0.1,Deer
271,31,2,0,0,0,2,10,1.228281,1.229174,0.33,0.29,4,1,3,3,30,17,750,5,0.1,3,0.1,Deer
283,32,0,0,0,0,0,12,1.230499,1.234235,0.33,0.29,4,1,3,3,30,17,750,5,0.1,3,0.1,Deer
296,33,0,0,0,0,0,13,1.225134,1.235105,0.33,0.29,4,1,3,3,30,17,750,5,0.1,3,0.1,Deer
304,34,0,0,0,0,0,8,1.22832,1.239294,0.33,0.29,4,1,3,3,30,17,750,5,0.1,3,0.1,Deer
308,35,1,0,0,0,1,5,1.22964,1.238789,0.33,0.29,4,1,3,3,30,17,750,5,0.1,3,0.1,Deer
314,36,0,0,0,0,0,6,1.230469,1.239312,0.33,0.29,4,1,3,3,30,17,750,5,0.1,3,0.1,Deer
0,25,0,0,0,0,0,0,0,0,0,0,0,0,0,0,0,0,0,0,0,0,0,Bear
0,26,0,0,0,0,0,0,0,0,0,0,0,0,0,0,0,0,0,0,0,0,0,Bear
0,27,0,0,0,0,0,0,0,0,0,0,0,0,0,0,0,0,0,0,0,0,0,Bear
0,28,0,0,0,0,0,0,0,0,0,0,0,0,0,0,0,0,0,0,0,0,0,Bear
0,29,0,0,0,0,0,0,0,0,0,0,0,0,0,0,0,0,0,0,0,0,0,Bear
0,30,0,0,0,0,0,0,0,0,0,0,0,0,0,0,0,0,0,0,0,0,0,Bear
0,31,0,0,0,0,0,0,0,0,0,0,0,0,0,0,0,0,0,0,0,0,0,Bear
0,32,0,0,0,0,0,0,0,0,0,0,0,0,0,0,0,0,0,0,0,0,0,Bear
0,33,0,0,0,0,0,0,0,0,0,0,0,0,0,0,0,0,0,0,0,0,0,Bear
0,34,0,0,0,0,0,0,0,0,0,0,0,0,0,0,0,0,0,0,0,0,0,Bear
0,35,0,0,0,0,0,0,0,0,0,0,0,0,0,0,0,0,0,0,0,0,0,Bear
0,36,0,0,0,0,0,0,0,0,0,0,0,0,0,0,0,0,0,0,0,0,0,Bear
315,37,4,0,0,0,4,5,1.228657,1.235003,0.33,0.29,4,1,3,3,30,17,750,5,0.1,3,0.1,Deer
328,38,0,0,0,0,0,13,1.2292,1.232353,0.33,0.29,4,1,3,3,30,17,750,5,0.1,3,0.1,Deer
340,39,0,1,1,0,1,13,1.230438,1.233346,0.33,0.29,4,1,3,3,30,17,750,5,0.1,3,0.1,Deer
347,40,1,0,0,0,1,8,1.229144,1.240603,0.33,0.29,4,1,3,3,30,17,750,5,0.1,3,0.1,Deer
350,41,1,0,2,0,3,6,1.224596,1.239833,0.33,0.29,4,1,3,3,30,17,750,5,0.1,3,0.1,Deer
360,42,0,0,1,0,1,11,1.224104,1.245025,0.33,0.29,4,1,3,3,30,17,750,5,0.1,3,0.1,Deer
361,43,3,0,0,0,3,4,1.225626,1.242869,0.33,0.29,4,1,3,3,30,17,750,5,0.1,3,0.1,Deer
367,44,0,0,0,0,0,6,1.221828,1.244983,0.33,0.29,4,1,3,3,30,17,750,5,0.1,3,0.1,Deer
370,45,2,0,1,0,3,5,1.218928,1.253451,0.33,0.29,4,1,3,3,30,17,750,5,0.1,3,0.1,Deer
374,46,0,0,0,0,0,5,1.215593,1.255475,0.33,0.29,4,1,3,3,30,17,750,5,0.1,3,0.1,Deer
379,47,0,1,1,0,1,6,1.214017,1.257951,0.33,0.29,4,1,3,3,30,17,750,5,0.1,3,0.1,Deer
386,48,1,1,2,0,3,10,1.211858,1.26108,0.33,0.29,4,1,3,3,30,17,750,5,0.1,3,0.1,Deer
0,37,0,0,0,0,0,0,0,0,0,0,0,0,0,0,0,0,0,0,0,0,0,Bear
0,38,0,0,0,0,0,0,0,0,0,0,0,0,0,0,0,0,0,0,0,0,0,Bear
0,39,0,0,0,0,0,0,0,0,0,0,0,0,0,0,0,0,0,0,0,0,0,Bear
0,40,0,0,0,0,0,0,0,0,0,0,0,0,0,0,0,0,0,0,0,0,0,Bear
0,41,0,0,0,0,0,0,0,0,0,0,0,0,0,0,0,0,0,0,0,0,0,Bear
0,42,0,0,0,0,0,0,0,0,0,0,0,0,0,0,0,0,0,0,0,0,0,Bear
0,43,0,0,0,0,0,0,0,0,0,0,0,0,0,0,0,0,0,0,0,0,0,Bear
0,44,0,0,0,0,0,0,0,0,0,0,0,0,0,0,0,0,0,0,0,0,0,Bear
0,45,0,0,0,0,0,0,0,0,0,0,0,0,0,0,0,0,0,0,0,0,0,Bear
0,46,0,0,0,0,0,0,0,0,0,0,0,0,0,0,0,0,0,0,0,0,0,Bear
0,47,0,0,0,0,0,0,0,0,0,0,0,0,0,0,0,0,0,0,0,0,0,Bear
0,48,0,0,0,0,0,0,0,0,0,0,0,0,0,0,0,0,0,0,0,0,0,Bear
385,49,4,0,1,0,5,4,1.212741,1.26077,0.33,0.29,4,1,3,3,30,17,750,5,0.1,3,0.1,Deer
391,50,1,0,1,0,2,6,1.211315,1.260942,0.33,0.29,4,1,3,3,30,17,750,5,0.1,3,0.1,Deer
393,51,0,0,0,0,0,4,1.207932,1.263786,0.33,0.29,4,1,3,3,30,17,750,5,0.1,3,0.1,Deer
399,52,0,0,0,0,0,6,1.205368,1.268779,0.33,0.29,4,1,3,3,30,17,750,5,0.1,3,0.1,Deer
399,53,0,2,2,0,2,2,1.202356,1.27079,0.33,0.29,4,1,3,3,30,17,750,5,0.1,3,0.1,Deer
402,54,0,0,0,0,0,3,1.200825,1.271674,0.33,0.29,4,1,3,3,30,17,750,5,0.1,3,0.1,Deer
400,55,5,0,0,0,5,3,1.201352,1.276307,0.33,0.29,4,1,3,3,30,17,750,5,0.1,3,0.1,Deer
404,56,1,0,1,0,2,6,1.199171,1.27717,0.33,0.29,4,1,3,3,30,17,750,5,0.1,3,0.1,Deer
404,57,0,1,1,0,1,1,1.199376,1.276727,0.33,0.29,4,1,3,3,30,17,750,5,0.1,3,0.1,Deer
403,58,1,1,2,0,3,1,1.197875,1.278483,0.33,0.29,4,1,3,3,30,17,750,5,0.1,3,0.1,Deer
400,59,2,1,1,0,3,0,1.198303,1.279076,0.33,0.29,4,1,3,3,30,17,750,5,0.1,3,0.1,Deer
397,60,1,1,1,0,2,0,1.197524,1.279197,0.33,0.29,4,1,3,3,30,17,750,5,0.1,3,0.1,Deer
0,49,0,0,0,0,0,0,0,0,0,0,0,0,0,0,0,0,0,0,0,0,0,Bear
0,50,0,0,0,0,0,0,0,0,0,0,0,0,0,0,0,0,0,0,0,0,0,Bear
0,51,0,0,0,0,0,0,0,0,0,0,0,0,0,0,0,0,0,0,0,0,0,Bear
0,52,0,0,0,0,0,0,0,0,0,0,0,0,0,0,0,0,0,0,0,0,0,Bear
0,53,0,0,0,0,0,0,0,0,0,0,0,0,0,0,0,0,0,0,0,0,0,Bear
0,54,0,0,0,0,0,0,0,0,0,0,0,0,0,0,0,0,0,0,0,0,0,Bear
0,55,0,0,0,0,0,0,0,0,0,0,0,0,0,0,0,0,0,0,0,0,0,Bear
0,56,0,0,0,0,0,0,0,0,0,0,0,0,0,0,0,0,0,0,0,0,0,Bear
0,57,0,0,0,0,0,0,0,0,0,0,0,0,0,0,0,0,0,0,0,0,0,Bear
0,58,0,0,0,0,0,0,0,0,0,0,0,0,0,0,0,0,0,0,0,0,0,Bear
0,59,0,0,0,0,0,0,0,0,0,0,0,0,0,0,0,0,0,0,0,0,0,Bear
0,60,0,0,0,0,0,0,0,0,0,0,0,0,0,0,0,0,0,0,0,0,0,Bear
391,61,5,1,2,0,7,1,1.193036,1.282166,0.33,0.29,4,1,3,3,30,17,750,5,0.1,3,0.1,Deer
390,62,2,1,1,0,3,1,1.193573,1.284201,0.33,0.29,4,1,3,3,30,17,750,5,0.1,3,0.1,Deer
390,63,0,1,2,0,2,3,1.190738,1.287427,0.33,0.29,4,1,3,3,30,17,750,5,0.1,3,0.1,Deer
396,64,0,0,0,0,0,6,1.188609,1.289516,0.33,0.29,4,1,3,3,30,17,750,5,0.1,3,0.1,Deer
399,65,1,2,1,0,3,5,1.18801,1.296806,0.33,0.29,4,1,3,3,30,17,750,5,0.1,3,0.1,Deer
396,66,3,3,2,0,6,3,1.183313,1.304677,0.33,0.29,4,1,3,3,30,17,750,5,0.1,3,0.1,Deer
388,67,5,1,2,0,7,0,1.182314,1.307939,0.33,0.29,4,1,3,3,30,17,750,5,0.1,3,0.1,Deer
387,68,1,0,3,0,4,3,1.181041,1.316607,0.33,0.29,4,1,3,3,30,17,750,5,0.1,3,0.1,Deer
386,69,2,0,2,0,4,2,1.178569,1.32098,0.33,0.29,4,1,3,3,30,17,750,5,0.1,3,0.1,Deer
385,70,1,0,1,0,2,2,1.175002,1.321345,0.33,0.29,4,1,3,3,30,17,750,5,0.1,3,0.1,Deer
390,71,0,1,1,0,1,6,1.173119,1.324374,0.33,0.29,4,1,3,3,30,17,750,5,0.1,3,0.1,Deer
394,72,1,2,1,0,3,6,1.171065,1.331124,0.33,0.29,4,1,3,3,30,17,750,5,0.1,3,0.1,Deer
0,61,0,0,0,0,0,0,0,0,0,0,0,0,0,0,0,0,0,0,0,0,0,Bear
0,62,0,0,0,0,0,0,0,0,0,0,0,0,0,0,0,0,0,0,0,0,0,Bear
0,63,0,0,0,0,0,0,0,0,0,0,0,0,0,0,0,0,0,0,0,0,0,Bear
0,64,0,0,0,0,0,0,0,0,0,0,0,0,0,0,0,0,0,0,0,0,0,Bear
0,65,0,0,0,0,0,0,0,0,0,0,0,0,0,0,0,0,0,0,0,0,0,Bear
0,66,0,0,0,0,0,0,0,0,0,0,0,0,0,0,0,0,0,0,0,0,0,Bear
0,67,0,0,0,0,0,0,0,0,0,0,0,0,0,0,0,0,0,0,0,0,0,Bear
0,68,0,0,0,0,0,0,0,0,0,0,0,0,0,0,0,0,0,0,0,0,0,Bear
0,69,0,0,0,0,0,0,0,0,0,0,0,0,0,0,0,0,0,0,0,0,0,Bear
0,70,0,0,0,0,0,0,0,0,0,0,0,0,0,0,0,0,0,0,0,0,0,Bear
0,71,0,0,0,0,0,0,0,0,0,0,0,0,0,0,0,0,0,0,0,0,0,Bear
0,72,0,0,0,0,0,0,0,0,0,0,0,0,0,0,0,0,0,0,0,0,0,Bear
390,73,7,1,3,0,10,5,1.172758,1.33795,0.33,0.29,4,1,3,3,30,17,750,5,0.1,3,0.1,Deer
390,74,0,0,2,0,2,4,1.167989,1.343645,0.33,0.29,4,1,3,3,30,17,750,5,0.1,3,0.1,Deer
391,75,3,4,4,0,7,8,1.161238,1.346795,0.33,0.29,4,1,3,3,30,17,750,5,0.1,3,0.1,Deer
393,76,1,0,0,0,1,3,1.159585,1.350094,0.33,0.29,4,1,3,3,30,17,750,5,0.1,3,0.1,Deer
394,77,3,2,2,0,5,4,1.159751,1.349148,0.33,0.29,4,1,3,3,30,17,750,5,0.1,3,0.1,Deer
399,78,3,0,0,0,3,10,1.158401,1.352545,0.33,0.29,4,1,3,3,30,17,750,5,0.1,3,0.1,Deer
398,79,5,0,2,0,7,6,1.153597,1.356494,0.33,0.29,4,1,3,3,30,17,750,5,0.1,3,0.1,Deer
396,80,4,3,4,0,8,5,1.1512,1.360019,0.33,0.29,4,1,3,3,30,17,750,5,0.1,3,0.1,Deer
393,81,2,2,1,0,4,2,1.154387,1.362149,0.33,0.29,4,1,3,3,30,17,750,5,0.1,3,0.1,Deer
389,82,2,2,4,0,6,0,1.15141,1.362547,0.33,0.29,4,1,3,3,30,17,750,5,0.1,3,0.1,Deer
385,83,1,4,4,0,5,1,1.154106,1.36796,0.33,0.29,4,1,3,3,30,17,750,5,0.1,3,0.1,Deer
382,84,0,1,2,0,2,0,1.152841,1.368928,0.33,0.29,4,1,3,3,30,17,750,5,0.1,3,0.1,Deer
0,73,0,0,0,0,0,0,0,0,0,0,0,0,0,0,0,0,0,0,0,0,0,Bear
0,74,0,0,0,0,0,0,0,0,0,0,0,0,0,0,0,0,0,0,0,0,0,Bear
0,75,0,0,0,0,0,0,0,0,0,0,0,0,0,0,0,0,0,0,0,0,0,Bear
0,76,0,0,0,0,0,0,0,0,0,0,0,0,0,0,0,0,0,0,0,0,0,Bear
0,77,0,0,0,0,0,0,0,0,0,0,0,0,0,0,0,0,0,0,0,0,0,Bear
0,78,0,0,0,0,0,0,0,0,0,0,0,0,0,0,0,0,0,0,0,0,0,Bear
0,79,0,0,0,0,0,0,0,0,0,0,0,0,0,0,0,0,0,0,0,0,0,Bear
0,80,0,0,0,0,0,0,0,0,0,0,0,0,0,0,0,0,0,0,0,0,0,Bear
0,81,0,0,0,0,0,0,0,0,0,0,0,0,0,0,0,0,0,0,0,0,0,Bear
0,82,0,0,0,0,0,0,0,0,0,0,0,0,0,0,0,0,0,0,0,0,0,Bear
0,83,0,0,0,0,0,0,0,0,0,0,0,0,0,0,0,0,0,0,0,0,0,Bear
0,84,0,0,0,0,0,0,0,0,0,0,0,0,0,0,0,0,0,0,0,0,0,Bear
374,85,5,0,3,0,8,0,1.151077,1.372737,0.33,0.29,4,1,3,3,30,17,750,5,0.1,3,0.1,Deer
369,86,1,3,3,0,4,0,1.150089,1.376543,0.33,0.29,4,1,3,3,30,17,750,5,0.1,3,0.1,Deer
370,87,0,3,2,0,3,3,1.151623,1.380757,0.33,0.29,4,1,3,3,30,17,750,5,0.1,3,0.1,Deer
367,88,1,3,5,0,6,3,1.148331,1.383321,0.33,0.29,4,1,3,3,30,17,750,5,0.1,3,0.1,Deer
362,89,1,1,4,0,5,0,1.145246,1.385782,0.33,0.29,4,1,3,3,30,17,750,5,0.1,3,0.1,Deer
359,90,0,3,2,0,3,0,1.143698,1.386982,0.33,0.29,4,1,3,3,30,17,750,5,0.1,3,0.1,Deer
354,91,3,1,0,0,4,0,1.143592,1.389094,0.33,0.29,4,1,3,3,30,17,750,5,0.1,3,0.1,Deer
352,92,2,2,2,0,4,1,1.140783,1.391571,0.33,0.29,4,1,3,3,30,17,750,5,0.1,3,0.1,Deer
349,93,1,1,2,0,3,0,1.139255,1.391552,0.33,0.29,4,1,3,3,30,17,750,5,0.1,3,0.1,Deer
343,94,2,4,4,0,6,0,1.138594,1.392899,0.33,0.29,4,1,3,3,30,17,750,5,0.1,3,0.1,Deer
339,95,1,2,1,0,3,0,1.13423,1.395296,0.33,0.29,4,1,3,3,30,17,750,5,0.1,3,0.1,Deer
339,96,4,6,4,0,10,5,1.134155,1.400485,0.33,0.29,4,1,3,3,30,17,750,5,0.1,3,0.1,Deer
0,85,0,0,0,0,0,0,0,0,0,0,0,0,0,0,0,0,0,0,0,0,0,Bear
0,86,0,0,0,0,0,0,0,0,0,0,0,0,0,0,0,0,0,0,0,0,0,Bear
0,87,0,0,0,0,0,0,0,0,0,0,0,0,0,0,0,0,0,0,0,0,0,Bear
0,88,0,0,0,0,0,0,0,0,0,0,0,0,0,0,0,0,0,0,0,0,0,Bear
0,89,0,0,0,0,0,0,0,0,0,0,0,0,0,0,0,0,0,0,0,0,0,Bear
0,90,0,0,0,0,0,0,0,0,0,0,0,0,0,0,0,0,0,0,0,0,0,Bear
0,91,0,0,0,0,0,0,0,0,0,0,0,0,0,0,0,0,0,0,0,0,0,Bear
0,92,0,0,0,0,0,0,0,0,0,0,0,0,0,0,0,0,0,0,0,0,0,Bear
0,93,0,0,0,0,0,0,0,0,0,0,0,0,0,0,0,0,0,0,0,0,0,Bear
0,94,0,0,0,0,0,0,0,0,0,0,0,0,0,0,0,0,0,0,0,0,0,Bear
0,95,0,0,0,0,0,0,0,0,0,0,0,0,0,0,0,0,0,0,0,0,0,Bear
0,96,0,0,0,0,0,0,0,0,0,0,0,0,0,0,0,0,0,0,0,0,0,Bear
329,97,2,2,3,0,6,1,1.130355,1.404139,0.33,0.29,4,1,3,3,30,17,750,5,0.1,3,0.1,Deer
326,98,0,3,4,0,4,1,1.130411,1.409446,0.33,0.29,4,1,3,3,30,17,750,5,0.1,3,0.1,Deer
328,99,2,0,2,0,4,6,1.132174,1.417825,0.33,0.29,4,1,3,3,30,17,750,5,0.1,3,0.1,Deer
326,100,0,1,1,0,2,0,1.13036,1.41986,0.33,0.29,4,1,3,3,30,17,750,5,0.1,3,0.1,Deer
322,101,1,3,3,0,4,0,1.131019,1.420359,0.33,0.29,4,1,3,3,30,17,750,5,0.1,3,0.1,Deer
317,102,3,3,5,0,9,0,1.129032,1.425871,0.33,0.29,4,1,3,3,30,17,750,5,0.1,3,0.1,Deer
313,103,3,0,0,0,3,3,1.12771,1.432091,0.33,0.29,4,1,3,3,30,17,750,5,0.1,3,0.1,Deer
312,104,0,2,2,0,2,1,1.125759,1.432679,0.33,0.29,4,1,3,3,30,17,750,5,0.1,3,0.1,Deer
307,105,1,3,4,0,6,0,1.125409,1.437533,0.33,0.29,4,1,3,3,30,17,750,5,0.1,3,0.1,Deer
300,106,2,3,4,0,7,0,1.12477,1.445191,0.33,0.29,4,1,3,3,30,17,750,5,0.1,3,0.1,Deer
297,107,2,0,0,0,2,0,1.126322,1.44474,0.33,0.29,4,1,3,3,30,17,750,5,0.1,3,0.1,Deer
0,97,0,0,0,0,0,0,0,0,0,0,0,0,0,0,0,0,0,0,0,0,0,Bear
0,98,0,0,0,0,0,0,0,0,0,0,0,0,0,0,0,0,0,0,0,0,0,Bear
0,99,0,0,0,0,0,0,0,0,0,0,0,0,0,0,0,0,0,0,0,0,0,Bear
0,100,0,0,0,0,0,0,0,0,0,0,0,0,0,0,0,0,0,0,0,0,0,Bear
0,101,0,0,0,0,0,0,0,0,0,0,0,0,0,0,0,0,0,0,0,0,0,Bear
0,102,0,0,0,0,0,0,0,0,0,0,0,0,0,0,0,0,0,0,0,0,0,Bear
0,103,0,0,0,0,0,0,0,0,0,0,0,0,0,0,0,0,0,0,0,0,0,Bear
0,104,0,0,0,0,0,0,0,0,0,0,0,0,0,0,0,0,0,0,0,0,0,Bear
0,105,0,0,0,0,0,0,0,0,0,0,0,0,0,0,0,0,0,0,0,0,0,Bear
0,106,0,0,0,0,0,0,0,0,0,0,0,0,0,0,0,0,0,0,0,0,0,Bear
0,107,0,0,0,0,0,0,0,0,0,0,0,0,0,0,0,0,0,0,0,0,0,Bear
294,108,7,2,3,0,10,2,1.126258,1.446317,0.33,0.29,4,1,3,3,30,17,750,5,0.1,3,0.1,Deer
287,109,3,0,0,0,3,0,1.125528,1.448591,0.33,0.29,4,1,3,3,30,17,750,5,0.1,3,0.1,Deer
285,110,1,2,1,0,3,1,1.127772,1.450125,0.33,0.29,4,1,3,3,30,17,750,5,0.1,3,0.1,Deer
277,111,4,3,3,0,9,0,1.122333,1.454957,0.33,0.29,4,1,3,3,30,17,750,5,0.1,3,0.1,Deer
277,112,1,0,2,0,3,4,1.118399,1.463267,0.33,0.29,4,1,3,3,30,17,750,5,0.1,3,0.1,Deer
275,113,1,2,2,0,3,2,1.118735,1.464987,0.33,0.29,4,1,3,3,30,17,750,5,0.1,3,0.1,Deer
272,114,4,1,2,0,7,1,1.118882,1.468146,0.33,0.29,4,1,3,3,30,17,750,5,0.1,3,0.1,Deer
267,115,1,0,2,0,3,1,1.112397,1.469512,0.33,0.29,4,1,3,3,30,17,750,5,0.1,3,0.1,Deer
262,116,1,5,4,0,7,0,1.1122,1.476376,0.33,0.29,4,1,3,3,30,17,750,5,0.1,3,0.1,Deer
255,117,2,4,4,0,7,1,1.11158,1.478616,0.33,0.29,4,1,3,3,30,17,750,5,0.1,3,0.1,Deer
254,118,1,2,2,0,3,1,1.107326,1.477808,0.33,0.29,4,1,3,3,30,17,750,5,0.1,3,0.1,Deer
254,119,4,1,1,0,5,6,1.108681,1.475024,0.33,0.29,4,1,3,3,30,17,750,5,0.1,3,0.1,Deer
0,108,0,0,0,0,0,0,0,0,0,0,0,0,0,0,0,0,0,0,0,0,0,Bear
0,109,0,0,0,0,0,0,0,0,0,0,0,0,0,0,0,0,0,0,0,0,0,Bear
0,110,0,0,0,0,0,0,0,0,0,0,0,0,0,0,0,0,0,0,0,0,0,Bear
0,111,0,0,0,0,0,0,0,0,0,0,0,0,0,0,0,0,0,0,0,0,0,Bear
0,112,0,0,0,0,0,0,0,0,0,0,0,0,0,0,0,0,0,0,0,0,0,Bear
0,113,0,0,0,0,0,0,0,0,0,0,0,0,0,0,0,0,0,0,0,0,0,Bear
0,114,0,0,0,0,0,0,0,0,0,0,0,0,0,0,0,0,0,0,0,0,0,Bear
0,115,0,0,0,0,0,0,0,0,0,0,0,0,0,0,0,0,0,0,0,0,0,Bear
0,116,0,0,0,0,0,0,0,0,0,0,0,0,0,0,0,0,0,0,0,0,0,Bear
0,117,0,0,0,0,0,0,0,0,0,0,0,0,0,0,0,0,0,0,0,0,0,Bear
0,118,0,0,0,0,0,0,0,0,0,0,0,0,0,0,0,0,0,0,0,0,0,Bear
0,119,0,0,0,0,0,0,0,0,0,0,0,0,0,0,0,0,0,0,0,0,0,Bear
254,120,1,2,3,0,4,5,1.107573,1.474848,0.33,0.29,4,1,3,3,30,17,750,5,0.1,3,0.1,Deer
251,121,2,1,2,0,4,0,1.105816,1.477367,0.33,0.29,4,1,3,3,30,17,750,5,0.1,3,0.1,Deer
248,122,3,2,1,0,5,2,1.10322,1.479794,0.33,0.29,4,1,3,3,30,17,750,5,0.1,3,0.1,Deer
246,123,1,0,0,0,1,0,1.10227,1.481792,0.33,0.29,4,1,3,3,30,17,750,5,0.1,3,0.1,Deer
246,124,3,2,1,0,5,3,1.104733,1.48468,0.33,0.29,4,1,3,3,30,17,750,5,0.1,3,0.1,Deer
238,125,1,6,6,0,9,2,1.104572,1.497014,0.33,0.29,4,1,3,3,30,17,750,5,0.1,3,0.1,Deer
233,126,7,2,1,0,9,3,1.098918,1.501028,0.33,0.29,4,1,3,3,30,17,750,5,0.1,3,0.1,Deer
233,127,2,1,1,0,3,3,1.092112,1.500021,0.33,0.29,4,1,3,3,30,17,750,5,0.1,3,0.1,Deer
226,128,2,4,1,0,6,1,1.095978,1.501726,0.33,0.29,4,1,3,3,30,17,750,5,0.1,3,0.1,Deer
222,129,2,2,2,0,4,0,1.094656,1.501562,0.33,0.29,4,1,3,3,30,17,750,5,0.1,3,0.1,Deer
217,130,1,3,3,0,6,1,1.091468,1.507336,0.33,0.29,4,1,3,3,30,17,750,5,0.1,3,0.1,Deer
214,131,2,1,1,0,3,0,1.089156,1.507427,0.33,0.29,4,1,3,3,30,17,750,5,0.1,3,0.1,Deer
0,120,0,0,0,0,0,0,0,0,0,0,0,0,0,0,0,0,0,0,0,0,0,Bear
0,121,0,0,0,0,0,0,0,0,0,0,0,0,0,0,0,0,0,0,0,0,0,Bear
0,122,0,0,0,0,0,0,0,0,0,0,0,0,0,0,0,0,0,0,0,0,0,Bear
0,123,0,0,0,0,0,0,0,0,0,0,0,0,0,0,0,0,0,0,0,0,0,Bear
0,124,0,0,0,0,0,0,0,0,0,0,0,0,0,0,0,0,0,0,0,0,0,Bear
0,125,0,0,0,0,0,0,0,0,0,0,0,0,0,0,0,0,0,0,0,0,0,Bear
0,126,0,0,0,0,0,0,0,0,0,0,0,0,0,0,0,0,0,0,0,0,0,Bear
0,127,0,0,0,0,0,0,0,0,0,0,0,0,0,0,0,0,0,0,0,0,0,Bear
0,128,0,0,0,0,0,0,0,0,0,0,0,0,0,0,0,0,0,0,0,0,0,Bear
0,129,0,0,0,0,0,0,0,0,0,0,0,0,0,0,0,0,0,0,0,0,0,Bear
0,130,0,0,0,0,0,0,0,0,0,0,0,0,0,0,0,0,0,0,0,0,0,Bear
0,131,0,0,0,0,0,0,0,0,0,0,0,0,0,0,0,0,0,0,0,0,0,Bear
206,132,5,2,2,0,9,0,1.086727,1.508924,0.33,0.29,4,1,3,3,30,17,750,5,0.1,3,0.1,Deer
199,133,2,3,3,0,6,0,1.087842,1.509501,0.33,0.29,4,1,3,3,30,17,750,5,0.1,3,0.1,Deer
196,134,3,1,1,0,4,0,1.086746,1.512322,0.33,0.29,4,1,3,3,30,17,750,5,0.1,3,0.1,Deer
191,135,2,2,2,0,4,0,1.083326,1.510583,0.33,0.29,4,1,3,3,30,17,750,5,0.1,3,0.1,Deer
188,136,2,1,2,0,4,1,1.078555,1.516044,0.33,0.29,4,1,3,3,30,17,750,5,0.1,3,0.1,Deer
187,137,1,4,2,0,5,2,1.073602,1.516101,0.33,0.29,4,1,3,3,30,17,750,5,0.1,3,0.1,Deer
180,138,2,4,2,0,6,1,1.079041,1.526652,0.33,0.29,4,1,3,3,30,17,750,5,0.1,3,0.1,Deer
179,139,1,4,4,0,5,1,1.075981,1.525809,0.33,0.29,4,1,3,3,30,17,750,5,0.1,3,0.1,Deer
175,140,2,0,0,0,2,1,1.07497,1.527252,0.33,0.29,4,1,3,3,30,17,750,5,0.1,3,0.1,Deer
167,141,4,6,4,0,10,0,1.083221,1.526415,0.33,0.29,4,1,3,3,30,17,750,5,0.1,3,0.1,Deer
164,142,1,1,1,0,2,1,1.089144,1.52732,0.33,0.29,4,1,3,3,30,17,750,5,0.1,3,0.1,Deer
164,143,0,1,2,0,2,2,1.086713,1.5313,0.33,0.29,4,1,3,3,30,17,750,5,0.1,3,0.1,Deer
0,132,0,0,0,0,0,0,0,0,0,0,0,0,0,0,0,0,0,0,0,0,0,Bear
0,133,0,0,0,0,0,0,0,0,0,0,0,0,0,0,0,0,0,0,0,0,0,Bear
0,134,0,0,0,0,0,0,0,0,0,0,0,0,0,0,0,0,0,0,0,0,0,Bear
0,135,0,0,0,0,0,0,0,0,0,0,0,0,0,0,0,0,0,0,0,0,0,Bear
0,136,0,0,0,0,0,0,0,0,0,0,0,0,0,0,0,0,0,0,0,0,0,Bear
0,137,0,0,0,0,0,0,0,0,0,0,0,0,0,0,0,0,0,0,0,0,0,Bear
0,138,0,0,0,0,0,0,0,0,0,0,0,0,0,0,0,0,0,0,0,0,0,Bear
0,139,0,0,0,0,0,0,0,0,0,0,0,0,0,0,0,0,0,0,0,0,0,Bear
0,140,0,0,0,0,0,0,0,0,0,0,0,0,0,0,0,0,0,0,0,0,0,Bear
0,141,0,0,0,0,0,0,0,0,0,0,0,0,0,0,0,0,0,0,0,0,0,Bear
0,142,0,0,0,0,0,0,0,0,0,0,0,0,0,0,0,0,0,0,0,0,0,Bear
0,143,0,0,0,0,0,0,0,0,0,0,0,0,0,0,0,0,0,0,0,0,0,Bear
160,144,3,1,1,0,4,0,1.083904,1.532608,0.33,0.29,4,1,3,3,30,17,750,5,0.1,3,0.1,Deer
156,145,1,4,4,0,5,1,1.084003,1.530311,0.33,0.29,4,1,3,3,30,17,750,5,0.1,3,0.1,Deer
155,146,1,3,2,0,4,2,1.07945,1.530555,0.33,0.29,4,1,3,3,30,17,750,5,0.1,3,0.1,Deer
151,147,3,1,0,0,4,0,1.082016,1.531023,0.33,0.29,4,1,3,3,30,17,750,5,0.1,3,0.1,Deer
144,148,3,4,5,0,8,0,1.088474,1.538898,0.33,0.29,4,1,3,3,30,17,750,5,0.1,3,0.1,Deer
141,149,2,1,1,0,3,2,1.075701,1.543279,0.33,0.29,4,1,3,3,30,17,750,5,0.1,3,0.1,Deer
134,150,2,6,5,0,8,1,1.068667,1.539328,0.33,0.29,4,1,3,3,30,17,750,5,0.1,3,0.1,Deer
132,151,0,2,2,0,2,0,1.06923,1.538311,0.33,0.29,4,1,3,3,30,17,750,5,0.1,3,0.1,Deer
128,152,3,2,1,0,5,0,1.072942,1.541681,0.33,0.29,4,1,3,3,30,17,750,5,0.1,3,0.1,Deer
122,153,3,3,1,0,6,0,1.071009,1.540526,0.33,0.29,4,1,3,3,30,17,750,5,0.1,3,0.1,Deer
119,154,1,1,1,0,2,0,1.074608,1.547128,0.33,0.29,4,1,3,3,30,17,750,5,0.1,3,0.1,Deer
117,155,0,1,1,0,2,0,1.079713,1.551726,0.33,0.29,4,1,3,3,30,17,750,5,0.1,3,0.1,Deer
0,144,0,0,0,0,0,0,0,0,0,0,0,0,0,0,0,0,0,0,0,0,0,Bear
0,145,0,0,0,0,0,0,0,0,0,0,0,0,0,0,0,0,0,0,0,0,0,Bear
0,146,0,0,0,0,0,0,0,0,0,0,0,0,0,0,0,0,0,0,0,0,0,Bear
0,147,0,0,0,0,0,0,0,0,0,0,0,0,0,0,0,0,0,0,0,0,0,Bear
0,148,0,0,0,0,0,0,0,0,0,0,0,0,0,0,0,0,0,0,0,0,0,Bear
0,149,0,0,0,0,0,0,0,0,0,0,0,0,0,0,0,0,0,0,0,0,0,Bear
0,150,0,0,0,0,0,0,0,0,0,0,0,0,0,0,0,0,0,0,0,0,0,Bear
0,151,0,0,0,0,0,0,0,0,0,0,0,0,0,0,0,0,0,0,0,0,0,Bear
0,152,0,0,0,0,0,0,0,0,0,0,0,0,0,0,0,0,0,0,0,0,0,Bear
0,153,0,0,0,0,0,0,0,0,0,0,0,0,0,0,0,0,0,0,0,0,0,Bear
0,154,0,0,0,0,0,0,0,0,0,0,0,0,0,0,0,0,0,0,0,0,0,Bear
0,155,0,0,0,0,0,0,0,0,0,0,0,0,0,0,0,0,0,0,0,0,0,Bear
113,156,3,2,1,0,5,0,1.078758,1.553715,0.33,0.29,4,1,3,3,30,17,750,5,0.1,3,0.1,Deer
111,157,0,3,0,0,3,1,1.086417,1.559722,0.33,0.29,4,1,3,3,30,17,750,5,0.1,3,0.1,Deer
107,158,2,1,2,0,4,0,1.088737,1.557839,0.33,0.29,4,1,3,3,30,17,750,5,0.1,3,0.1,Deer
104,159,1,1,1,0,2,0,1.075342,1.561066,0.33,0.29,4,1,3,3,30,17,750,5,0.1,3,0.1,Deer
103,160,0,1,0,0,1,0,1.075772,1.565373,0.33,0.29,4,1,3,3,30,17,750,5,0.1,3,0.1,Deer
101,161,2,0,0,0,2,0,1.075684,1.565188,0.33,0.29,4,1,3,3,30,17,750,5,0.1,3,0.1,Deer
100,162,1,0,0,0,1,0,1.069044,1.564948,0.33,0.29,4,1,3,3,30,17,750,5,0.1,3,0.1,Deer
98,163,1,1,1,0,2,0,1.066448,1.56466,0.33,0.29,4,1,3,3,30,17,750,5,0.1,3,0.1,Deer
95,164,1,3,1,0,4,0,1.06161,1.563121,0.33,0.29,4,1,3,3,30,17,750,5,0.1,3,0.1,Deer
92,165,0,2,0,0,2,0,1.045212,1.571013,0.33,0.29,4,1,3,3,30,17,750,5,0.1,3,0.1,Deer
86,166,0,6,3,0,6,0,1.046925,1.575567,0.33,0.29,4,1,3,3,30,17,750,5,0.1,3,0.1,Deer
83,167,2,1,0,0,3,0,1.047818,1.564863,0.33,0.29,4,1,3,3,30,17,750,5,0.1,3,0.1,Deer
0,156,0,0,0,0,0,0,0,0,0,0,0,0,0,0,0,0,0,0,0,0,0,Bear
0,157,0,0,0,0,0,0,0,0,0,0,0,0,0,0,0,0,0,0,0,0,0,Bear
0,158,0,0,0,0,0,0,0,0,0,0,0,0,0,0,0,0,0,0,0,0,0,Bear
0,159,0,0,0,0,0,0,0,0,0,0,0,0,0,0,0,0,0,0,0,0,0,Bear
0,160,0,0,0,0,0,0,0,0,0,0,0,0,0,0,0,0,0,0,0,0,0,Bear
0,161,0,0,0,0,0,0,0,0,0,0,0,0,0,0,0,0,0,0,0,0,0,Bear
0,162,0,0,0,0,0,0,0,0,0,0,0,0,0,0,0,0,0,0,0,0,0,Bear
0,163,0,0,0,0,0,0,0,0,0,0,0,0,0,0,0,0,0,0,0,0,0,Bear
0,164,0,0,0,0,0,0,0,0,0,0,0,0,0,0,0,0,0,0,0,0,0,Bear
0,165,0,0,0,0,0,0,0,0,0,0,0,0,0,0,0,0,0,0,0,0,0,Bear
0,166,0,0,0,0,0,0,0,0,0,0,0,0,0,0,0,0,0,0,0,0,0,Bear
0,167,0,0,0,0,0,0,0,0,0,0,0,0,0,0,0,0,0,0,0,0,0,Bear
82,168,0,3,1,0,3,1,1.054068,1.591279,0.33,0.29,4,1,3,3,30,17,750,5,0.1,3,0.1,Deer
79,169,1,1,0,0,2,0,1.0562,1.588976,0.33,0.29,4,1,3,3,30,17,750,5,0.1,3,0.1,Deer
78,170,0,1,0,0,1,0,1.057158,1.59674,0.33,0.29,4,1,3,3,30,17,750,5,0.1,3,0.1,Deer
77,171,1,0,0,0,1,0,1.05431,1.60147,0.33,0.29,4,1,3,3,30,17,750,5,0.1,3,0.1,Deer
74,172,0,4,1,0,4,0,1.054418,1.599761,0.33,0.29,4,1,3,3,30,17,750,5,0.1,3,0.1,Deer
71,173,2,1,1,0,3,0,1.045867,1.601075,0.33,0.29,4,1,3,3,30,17,750,5,0.1,3,0.1,Deer
69,174,0,1,1,0,1,0,1.045743,1.589652,0.33,0.29,4,1,3,3,30,17,750,5,0.1,3,0.1,Deer
68,175,0,1,0,0,1,0,1.038688,1.594967,0.33,0.29,4,1,3,3,30,17,750,5,0.1,3,0.1,Deer
66,176,1,1,0,0,2,0,1.039535,1.596509,0.33,0.29,4,1,3,3,30,17,750,5,0.1,3,0.1,Deer
64,177,1,2,0,0,3,0,1.044711,1.586525,0.33,0.29,4,1,3,3,30,17,750,5,0.1,3,0.1,Deer
62,178,0,1,0,0,1,0,1.037418,1.59878,0.33,0.29,4,1,3,3,30,17,750,5,0.1,3,0.1,Deer
61,179,0,1,0,0,1,0,1.036557,1.606939,0.33,0.29,4,1,3,3,30,17,750,5,0.1,3,0.1,Deer
0,168,0,0,0,0,0,0,0,0,0,0,0,0,0,0,0,0,0,0,0,0,0,Bear
0,169,0,0,0,0,0,0,0,0,0,0,0,0,0,0,0,0,0,0,0,0,0,Bear
0,170,0,0,0,0,0,0,0,0,0,0,0,0,0,0,0,0,0,0,0,0,0,Bear
0,171,0,0,0,0,0,0,0,0,0,0,0,0,0,0,0,0,0,0,0,0,0,Bear
0,172,0,0,0,0,0,0,0,0,0,0,0,0,0,0,0,0,0,0,0,0,0,Bear
0,173,0,0,0,0,0,0,0,0,0,0,0,0,0,0,0,0,0,0,0,0,0,Bear
0,174,0,0,0,0,0,0,0,0,0,0,0,0,0,0,0,0,0,0,0,0,0,Bear
0,175,0,0,0,0,0,0,0,0,0,0,0,0,0,0,0,0,0,0,0,0,0,Bear
0,176,0,0,0,0,0,0,0,0,0,0,0,0,0,0,0,0,0,0,0,0,0,Bear
0,177,0,0,0,0,0,0,0,0,0,0,0,0,0,0,0,0,0,0,0,0,0,Bear
0,178,0,0,0,0,0,0,0,0,0,0,0,0,0,0,0,0,0,0,0,0,0,Bear
0,179,0,0,0,0,0,0,0,0,0,0,0,0,0,0,0,0,0,0,0,0,0,Bear
61,180,0,0,0,0,0,0,1.036557,1.606939,0.33,0.29,4,1,3,3,30,17,750,5,0.1,3,0.1,Deer
60,181,0,1,0,0,1,0,1.041496,1.615964,0.33,0.29,4,1,3,3,30,17,750,5,0.1,3,0.1,Deer
60,182,0,0,0,0,0,0,1.041496,1.615964,0.33,0.29,4,1,3,3,30,17,750,5,0.1,3,0.1,Deer
57,183,3,1,0,0,4,0,1.035713,1.598558,0.33,0.29,4,1,3,3,30,17,750,5,0.1,3,0.1,Deer
55,184,1,0,0,0,1,0,1.0469,1.606021,0.33,0.29,4,1,3,3,30,17,750,5,0.1,3,0.1,Deer
51,185,2,1,1,0,4,0,1.029094,1.589001,0.33,0.29,4,1,3,3,30,17,750,5,0.1,3,0.1,Deer
51,186,0,0,0,0,0,0,1.029094,1.589001,0.33,0.29,4,1,3,3,30,17,750,5,0.1,3,0.1,Deer
50,187,0,1,0,0,1,0,1.031635,1.598922,0.33,0.29,4,1,3,3,30,17,750,5,0.1,3,0.1,Deer
49,188,0,1,0,0,1,0,1.024395,1.607033,0.33,0.29,4,1,3,3,30,17,750,5,0.1,3,0.1,Deer
48,189,0,1,0,0,1,0,1.024077,1.611,0.33,0.29,4,1,3,3,30,17,750,5,0.1,3,0.1,Deer
46,190,0,3,0,0,3,0,1.046191,1.635821,0.33,0.29,4,1,3,3,30,17,750,5,0.1,3,0.1,Deer
43,191,0,3,0,0,3,0,1.01372,1.644689,0.33,0.29,4,1,3,3,30,17,750,5,0.1,3,0.1,Deer
0,180,0,0,0,0,0,0,0,0,0,0,0,0,0,0,0,0,0,0,0,0,0,Bear
0,181,0,0,0,0,0,0,0,0,0,0,0,0,0,0,0,0,0,0,0,0,0,Bear
0,182,0,0,0,0,0,0,0,0,0,0,0,0,0,0,0,0,0,0,0,0,0,Bear
0,183,0,0,0,0,0,0,0,0,0,0,0,0,0,0,0,0,0,0,0,0,0,Bear
0,184,0,0,0,0,0,0,0,0,0,0,0,0,0,0,0,0,0,0,0,0,0,Bear
0,185,0,0,0,0,0,0,0,0,0,0,0,0,0,0,0,0,0,0,0,0,0,Bear
0,186,0,0,0,0,0,0,0,0,0,0,0,0,0,0,0,0,0,0,0,0,0,Bear
0,187,0,0,0,0,0,0,0,0,0,0,0,0,0,0,0,0,0,0,0,0,0,Bear
0,188,0,0,0,0,0,0,0,0,0,0,0,0,0,0,0,0,0,0,0,0,0,Bear
0,189,0,0,0,0,0,0,0,0,0,0,0,0,0,0,0,0,0,0,0,0,0,Bear
0,190,0,0,0,0,0,0,0,0,0,0,0,0,0,0,0,0,0,0,0,0,0,Bear
0,191,0,0,0,0,0,0,0,0,0,0,0,0,0,0,0,0,0,0,0,0,0,Bear
41,192,0,1,0,0,1,0,1.024313,1.650579,0.33,0.29,4,1,3,3,30,17,750,5,0.1,3,0.1,Deer
41,193,0,1,0,0,1,0,1.024313,1.650579,0.33,0.29,4,1,3,3,30,17,750,5,0.1,3,0.1,Deer
37,194,1,3,0,0,4,0,1.024716,1.660743,0.33,0.29,4,1,3,3,30,17,750,5,0.1,3,0.1,Deer
34,195,1,2,0,0,3,0,1.040113,1.697342,0.33,0.29,4,1,3,3,30,17,750,5,0.1,3,0.1,Deer
30,196,1,3,0,0,4,0,1.010715,1.716287,0.33,0.29,4,1,3,3,30,17,750,5,0.1,3,0.1,Deer
27,197,2,1,0,0,3,0,0.9952282,1.736381,0.33,0.29,4,1,3,3,30,17,750,5,0.1,3,0.1,Deer
25,198,2,0,0,0,2,0,0.9899775,1.740417,0.33,0.29,4,1,3,3,30,17,750,5,0.1,3,0.1,Deer
24,199,0,0,0,0,0,0,1.002708,1.761194,0.33,0.29,4,1,3,3,30,17,750,5,0.1,3,0.1,Deer
24,200,0,0,0,0,0,0,1.002708,1.761194,0.33,0.29,4,1,3,3,30,17,750,5,0.1,3,0.1,Deer
23,201,2,0,0,0,2,0,0.9792833,1.753053,0.33,0.29,4,1,3,3,30,17,750,5,0.1,3,0.1,Deer
21,202,0,1,0,0,1,0,0.9688222,1.780404,0.33,0.29,4,1,3,3,30,17,750,5,0.1,3,0.1,Deer
21,203,0,0,0,0,0,0,0.9688222,1.780404,0.33,0.29,4,1,3,3,30,17,750,5,0.1,3,0.1,Deer
0,192,0,0,0,0,0,0,0,0,0,0,0,0,0,0,0,0,0,0,0,0,0,Bear
0,193,0,0,0,0,0,0,0,0,0,0,0,0,0,0,0,0,0,0,0,0,0,Bear
0,194,0,0,0,0,0,0,0,0,0,0,0,0,0,0,0,0,0,0,0,0,0,Bear
0,195,0,0,0,0,0,0,0,0,0,0,0,0,0,0,0,0,0,0,0,0,0,Bear
0,196,0,0,0,0,0,0,0,0,0,0,0,0,0,0,0,0,0,0,0,0,0,Bear
0,197,0,0,0,0,0,0,0,0,0,0,0,0,0,0,0,0,0,0,0,0,0,Bear
0,198,0,0,0,0,0,0,0,0,0,0,0,0,0,0,0,0,0,0,0,0,0,Bear
0,199,0,0,0,0,0,0,0,0,0,0,0,0,0,0,0,0,0,0,0,0,0,Bear
0,200,0,0,0,0,0,0,0,0,0,0,0,0,0,0,0,0,0,0,0,0,0,Bear
0,201,0,0,0,0,0,0,0,0,0,0,0,0,0,0,0,0,0,0,0,0,0,Bear
0,202,0,0,0,0,0,0,0,0,0,0,0,0,0,0,0,0,0,0,0,0,0,Bear
0,203,0,0,0,0,0,0,0,0,0,0,0,0,0,0,0,0,0,0,0,0,0,Bear
21,204,0,2,0,0,2,0,0.9688222,1.780404,0.33,0.29,4,1,3,3,30,17,750,5,0.1,3,0.1,Deer
18,205,0,1,0,0,1,0,0.9603329,1.789869,0.33,0.29,4,1,3,3,30,17,750,5,0.1,3,0.1,Deer
18,206,0,0,0,0,0,0,0.9603329,1.789869,0.33,0.29,4,1,3,3,30,17,750,5,0.1,3,0.1,Deer
18,207,0,0,0,0,0,0,0.9603329,1.789869,0.33,0.29,4,1,3,3,30,17,750,5,0.1,3,0.1,Deer
18,208,0,1,0,0,1,0,0.9603329,1.789869,0.33,0.29,4,1,3,3,30,17,750,5,0.1,3,0.1,Deer
17,209,0,0,0,0,0,0,0.9623488,1.787445,0.33,0.29,4,1,3,3,30,17,750,5,0.1,3,0.1,Deer
17,210,0,0,0,0,0,0,0.9623488,1.787445,0.33,0.29,4,1,3,3,30,17,750,5,0.1,3,0.1,Deer
17,211,0,0,0,0,0,0,0.9623488,1.787445,0.33,0.29,4,1,3,3,30,17,750,5,0.1,3,0.1,Deer
17,212,0,0,0,0,0,0,0.9623488,1.787445,0.33,0.29,4,1,3,3,30,17,750,5,0.1,3,0.1,Deer
16,213,0,1,0,0,1,0,0.9669191,1.822496,0.33,0.29,4,1,3,3,30,17,750,5,0.1,3,0.1,Deer
15,214,1,0,0,0,1,0,0.9621203,1.830721,0.33,0.29,4,1,3,3,30,17,750,5,0.1,3,0.1,Deer
14,215,1,0,0,0,1,0,0.9335538,1.848482,0.33,0.29,4,1,3,3,30,17,750,5,0.1,3,0.1,Deer
0,204,0,0,0,0,0,0,0,0,0,0,0,0,0,0,0,0,0,0,0,0,0,Bear
0,205,0,0,0,0,0,0,0,0,0,0,0,0,0,0,0,0,0,0,0,0,0,Bear
0,206,0,0,0,0,0,0,0,0,0,0,0,0,0,0,0,0,0,0,0,0,0,Bear
0,207,0,0,0,0,0,0,0,0,0,0,0,0,0,0,0,0,0,0,0,0,0,Bear
0,208,0,0,0,0,0,0,0,0,0,0,0,0,0,0,0,0,0,0,0,0,0,Bear
0,209,0,0,0,0,0,0,0,0,0,0,0,0,0,0,0,0,0,0,0,0,0,Bear
0,210,0,0,0,0,0,0,0,0,0,0,0,0,0,0,0,0,0,0,0,0,0,Bear
0,211,0,0,0,0,0,0,0,0,0,0,0,0,0,0,0,0,0,0,0,0,0,Bear
0,212,0,0,0,0,0,0,0,0,0,0,0,0,0,0,0,0,0,0,0,0,0,Bear
0,213,0,0,0,0,0,0,0,0,0,0,0,0,0,0,0,0,0,0,0,0,0,Bear
0,214,0,0,0,0,0,0,0,0,0,0,0,0,0,0,0,0,0,0,0,0,0,Bear
0,215,0,0,0,0,0,0,0,0,0,0,0,0,0,0,0,0,0,0,0,0,0,Bear
10,216,0,3,1,0,4,0,0.9940153,1.903788,0.33,0.29,4,1,3,3,30,17,750,5,0.1,3,0.1,Deer
10,217,0,0,0,0,0,0,0.9940153,1.903788,0.33,0.29,4,1,3,3,30,17,750,5,0.1,3,0.1,Deer
10,218,0,0,0,0,0,0,0.9940153,1.903788,0.33,0.29,4,1,3,3,30,17,750,5,0.1,3,0.1,Deer
10,219,0,0,0,0,0,0,0.9940153,1.903788,0.33,0.29,4,1,3,3,30,17,750,5,0.1,3,0.1,Deer
9,220,0,1,0,0,1,0,1.007305,1.89707,0.33,0.29,4,1,3,3,30,17,750,5,0.1,3,0.1,Deer
8,221,1,0,0,0,1,0,1.072917,1.891766,0.33,0.29,4,1,3,3,30,17,750,5,0.1,3,0.1,Deer
7,222,0,1,0,0,1,0,1.114511,1.89774,0.33,0.29,4,1,3,3,30,17,750,5,0.1,3,0.1,Deer
7,223,0,0,0,0,0,0,1.114511,1.89774,0.33,0.29,4,1,3,3,30,17,750,5,0.1,3,0.1,Deer
7,224,0,1,0,0,1,0,1.114511,1.89774,0.33,0.29,4,1,3,3,30,17,750,5,0.1,3,0.1,Deer
6,225,0,0,0,0,0,0,1.066375,1.922234,0.33,0.29,4,1,3,3,30,17,750,5,0.1,3,0.1,Deer
5,226,1,0,0,0,1,0,1.099463,1.926337,0.33,0.29,4,1,3,3,30,17,750,5,0.1,3,0.1,Deer
5,227,0,0,0,0,0,0,1.099463,1.926337,0.33,0.29,4,1,3,3,30,17,750,5,0.1,3,0.1,Deer
0,216,0,0,0,0,0,0,0,0,0,0,0,0,0,0,0,0,0,0,0,0,0,Bear
0,217,0,0,0,0,0,0,0,0,0,0,0,0,0,0,0,0,0,0,0,0,0,Bear
0,218,0,0,0,0,0,0,0,0,0,0,0,0,0,0,0,0,0,0,0,0,0,Bear
0,219,0,0,0,0,0,0,0,0,0,0,0,0,0,0,0,0,0,0,0,0,0,Bear
0,220,0,0,0,0,0,0,0,0,0,0,0,0,0,0,0,0,0,0,0,0,0,Bear
0,221,0,0,0,0,0,0,0,0,0,0,0,0,0,0,0,0,0,0,0,0,0,Bear
0,222,0,0,0,0,0,0,0,0,0,0,0,0,0,0,0,0,0,0,0,0,0,Bear
0,223,0,0,0,0,0,0,0,0,0,0,0,0,0,0,0,0,0,0,0,0,0,Bear
0,224,0,0,0,0,0,0,0,0,0,0,0,0,0,0,0,0,0,0,0,0,0,Bear
0,225,0,0,0,0,0,0,0,0,0,0,0,0,0,0,0,0,0,0,0,0,0,Bear
0,226,0,0,0,0,0,0,0,0,0,0,0,0,0,0,0,0,0,0,0,0,0,Bear
0,227,0,0,0,0,0,0,0,0,0,0,0,0,0,0,0,0,0,0,0,0,0,Bear
5,228,0,1,0,0,1,0,1.099463,1.926337,0.33,0.29,4,1,3,3,30,17,750,5,0.1,3,0.1,Deer
4,229,0,0,0,0,0,0,1.183278,1.976932,0.33,0.29,4,1,3,3,30,17,750,5,0.1,3,0.1,Deer
4,230,0,0,0,0,0,0,1.183278,1.976932,0.33,0.29,4,1,3,3,30,17,750,5,0.1,3,0.1,Deer
4,231,0,0,0,0,0,0,1.183278,1.976932,0.33,0.29,4,1,3,3,30,17,750,5,0.1,3,0.1,Deer
4,232,0,0,0,0,0,0,1.183278,1.976932,0.33,0.29,4,1,3,3,30,17,750,5,0.1,3,0.1,Deer
4,233,0,0,0,0,0,0,1.183278,1.976932,0.33,0.29,4,1,3,3,30,17,750,5,0.1,3,0.1,Deer
4,234,0,0,0,0,0,0,1.183278,1.976932,0.33,0.29,4,1,3,3,30,17,750,5,0.1,3,0.1,Deer
4,235,0,0,0,0,0,0,1.183278,1.976932,0.33,0.29,4,1,3,3,30,17,750,5,0.1,3,0.1,Deer
4,236,0,0,0,0,0,0,1.183278,1.976932,0.33,0.29,4,1,3,3,30,17,750,5,0.1,3,0.1,Deer
3,237,0,1,0,0,1,0,1.352418,2.087369,0.33,0.29,4,1,3,3,30,17,750,5,0.1,3,0.1,Deer
3,238,0,0,0,0,0,0,1.352418,2.087369,0.33,0.29,4,1,3,3,30,17,750,5,0.1,3,0.1,Deer
3,239,0,0,0,0,0,0,1.352418,2.087369,0.33,0.29,4,1,3,3,30,17,750,5,0.1,3,0.1,Deer
0,228,0,0,0,0,0,0,0,0,0,0,0,0,0,0,0,0,0,0,0,0,0,Bear
0,229,0,0,0,0,0,0,0,0,0,0,0,0,0,0,0,0,0,0,0,0,0,Bear
0,230,0,0,0,0,0,0,0,0,0,0,0,0,0,0,0,0,0,0,0,0,0,Bear
0,231,0,0,0,0,0,0,0,0,0,0,0,0,0,0,0,0,0,0,0,0,0,Bear
0,232,0,0,0,0,0,0,0,0,0,0,0,0,0,0,0,0,0,0,0,0,0,Bear
0,233,0,0,0,0,0,0,0,0,0,0,0,0,0,0,0,0,0,0,0,0,0,Bear
0,234,0,0,0,0,0,0,0,0,0,0,0,0,0,0,0,0,0,0,0,0,0,Bear
0,235,0,0,0,0,0,0,0,0,0,0,0,0,0,0,0,0,0,0,0,0,0,Bear
0,236,0,0,0,0,0,0,0,0,0,0,0,0,0,0,0,0,0,0,0,0,0,Bear
0,237,0,0,0,0,0,0,0,0,0,0,0,0,0,0,0,0,0,0,0,0,0,Bear
0,238,0,0,0,0,0,0,0,0,0,0,0,0,0,0,0,0,0,0,0,0,0,Bear
0,239,0,0,0,0,0,0,0,0,0,0,0,0,0,0,0,0,0,0,0,0,0,Bear
3,240,0,0,0,0,0,0,1.352418,2.087369,0.33,0.29,4,1,3,3,30,17,750,5,0.1,3,0.1,Deer
3,241,0,0,0,0,0,0,1.352418,2.087369,0.33,0.29,4,1,3,3,30,17,750,5,0.1,3,0.1,Deer
3,242,0,0,0,0,0,0,1.352418,2.087369,0.33,0.29,4,1,3,3,30,17,750,5,0.1,3,0.1,Deer
3,243,0,0,0,0,0,0,1.352418,2.087369,0.33,0.29,4,1,3,3,30,17,750,5,0.1,3,0.1,Deer
3,244,0,0,0,0,0,0,1.352418,2.087369,0.33,0.29,4,1,3,3,30,17,750,5,0.1,3,0.1,Deer
3,245,0,0,0,0,0,0,1.352418,2.087369,0.33,0.29,4,1,3,3,30,17,750,5,0.1,3,0.1,Deer
3,246,0,0,0,0,0,0,1.352418,2.087369,0.33,0.29,4,1,3,3,30,17,750,5,0.1,3,0.1,Deer
3,247,0,0,0,0,0,0,1.352418,2.087369,0.33,0.29,4,1,3,3,30,17,750,5,0.1,3,0.1,Deer
3,248,0,0,0,0,0,0,1.352418,2.087369,0.33,0.29,4,1,3,3,30,17,750,5,0.1,3,0.1,Deer
3,249,0,0,0,0,0,0,1.352418,2.087369,0.33,0.29,4,1,3,3,30,17,750,5,0.1,3,0.1,Deer
2,250,0,1,0,0,1,0,1.341936,2.068073,0.33,0.29,4,1,3,3,30,17,750,5,0.1,3,0.1,Deer
2,251,0,0,0,0,0,0,1.341936,2.068073,0.33,0.29,4,1,3,3,30,17,750,5,0.1,3,0.1,Deer
0,240,0,0,0,0,0,0,0,0,0,0,0,0,0,0,0,0,0,0,0,0,0,Bear
0,241,0,0,0,0,0,0,0,0,0,0,0,0,0,0,0,0,0,0,0,0,0,Bear
0,242,0,0,0,0,0,0,0,0,0,0,0,0,0,0,0,0,0,0,0,0,0,Bear
0,243,0,0,0,0,0,0,0,0,0,0,0,0,0,0,0,0,0,0,0,0,0,Bear
0,244,0,0,0,0,0,0,0,0,0,0,0,0,0,0,0,0,0,0,0,0,0,Bear
0,245,0,0,0,0,0,0,0,0,0,0,0,0,0,0,0,0,0,0,0,0,0,Bear
0,246,0,0,0,0,0,0,0,0,0,0,0,0,0,0,0,0,0,0,0,0,0,Bear
0,247,0,0,0,0,0,0,0,0,0,0,0,0,0,0,0,0,0,0,0,0,0,Bear
0,248,0,0,0,0,0,0,0,0,0,0,0,0,0,0,0,0,0,0,0,0,0,Bear
0,249,0,0,0,0,0,0,0,0,0,0,0,0,0,0,0,0,0,0,0,0,0,Bear
0,250,0,0,0,0,0,0,0,0,0,0,0,0,0,0,0,0,0,0,0,0,0,Bear
0,251,0,0,0,0,0,0,0,0,0,0,0,0,0,0,0,0,0,0,0,0,0,Bear
2,252,0,0,0,0,0,0,1.341936,2.068073,0.33,0.29,4,1,3,3,30,17,750,5,0.1,3,0.1,Deer
2,253,0,0,0,0,0,0,1.341936,2.068073,0.33,0.29,4,1,3,3,30,17,750,5,0.1,3,0.1,Deer
2,254,0,0,0,0,0,0,1.341936,2.068073,0.33,0.29,4,1,3,3,30,17,750,5,0.1,3,0.1,Deer
2,255,0,0,0,0,0,0,1.341936,2.068073,0.33,0.29,4,1,3,3,30,17,750,5,0.1,3,0.1,Deer
2,256,0,0,0,0,0,0,1.341936,2.068073,0.33,0.29,4,1,3,3,30,17,750,5,0.1,3,0.1,Deer
2,257,0,0,0,0,0,0,1.341936,2.068073,0.33,0.29,4,1,3,3,30,17,750,5,0.1,3,0.1,Deer
2,258,0,0,0,0,0,0,1.341936,2.068073,0.33,0.29,4,1,3,3,30,17,750,5,0.1,3,0.1,Deer
2,259,0,0,0,0,0,0,1.341936,2.068073,0.33,0.29,4,1,3,3,30,17,750,5,0.1,3,0.1,Deer
2,260,0,0,0,0,0,0,1.341936,2.068073,0.33,0.29,4,1,3,3,30,17,750,5,0.1,3,0.1,Deer
2,261,0,0,0,0,0,0,1.341936,2.068073,0.33,0.29,4,1,3,3,30,17,750,5,0.1,3,0.1,Deer
2,262,0,0,0,0,0,0,1.341936,2.068073,0.33,0.29,4,1,3,3,30,17,750,5,0.1,3,0.1,Deer
2,263,0,0,0,0,0,0,1.341936,2.068073,0.33,0.29,4,1,3,3,30,17,750,5,0.1,3,0.1,Deer
0,252,0,0,0,0,0,0,0,0,0,0,0,0,0,0,0,0,0,0,0,0,0,Bear
0,253,0,0,0,0,0,0,0,0,0,0,0,0,0,0,0,0,0,0,0,0,0,Bear
0,254,0,0,0,0,0,0,0,0,0,0,0,0,0,0,0,0,0,0,0,0,0,Bear
0,255,0,0,0,0,0,0,0,0,0,0,0,0,0,0,0,0,0,0,0,0,0,Bear
0,256,0,0,0,0,0,0,0,0,0,0,0,0,0,0,0,0,0,0,0,0,0,Bear
0,257,0,0,0,0,0,0,0,0,0,0,0,0,0,0,0,0,0,0,0,0,0,Bear
0,258,0,0,0,0,0,0,0,0,0,0,0,0,0,0,0,0,0,0,0,0,0,Bear
0,259,0,0,0,0,0,0,0,0,0,0,0,0,0,0,0,0,0,0,0,0,0,Bear
0,260,0,0,0,0,0,0,0,0,0,0,0,0,0,0,0,0,0,0,0,0,0,Bear
0,261,0,0,0,0,0,0,0,0,0,0,0,0,0,0,0,0,0,0,0,0,0,Bear
0,262,0,0,0,0,0,0,0,0,0,0,0,0,0,0,0,0,0,0,0,0,0,Bear
0,263,0,0,0,0,0,0,0,0,0,0,0,0,0,0,0,0,0,0,0,0,0,Bear
2,264,0,0,0,0,0,0,1.341936,2.068073,0.33,0.29,4,1,3,3,30,17,750,5,0.1,3,0.1,Deer
1,265,0,1,1,0,1,0,0.978478,1.762745,0.33,0.29,4,1,3,3,30,17,750,5,0.1,3,0.1,Deer
1,266,0,0,0,0,0,0,0.978478,1.762745,0.33,0.29,4,1,3,3,30,17,750,5,0.1,3,0.1,Deer
1,267,0,0,0,0,0,0,0.978478,1.762745,0.33,0.29,4,1,3,3,30,17,750,5,0.1,3,0.1,Deer
1,268,0,0,0,0,0,0,0.978478,1.762745,0.33,0.29,4,1,3,3,30,17,750,5,0.1,3,0.1,Deer
1,269,0,0,0,0,0,0,0.978478,1.762745,0.33,0.29,4,1,3,3,30,17,750,5,0.1,3,0.1,Deer
1,270,0,0,0,0,0,0,0.978478,1.762745,0.33,0.29,4,1,3,3,30,17,750,5,0.1,3,0.1,Deer
1,271,0,0,0,0,0,0,0.978478,1.762745,0.33,0.29,4,1,3,3,30,17,750,5,0.1,3,0.1,Deer
1,272,0,0,0,0,0,0,0.978478,1.762745,0.33,0.29,4,1,3,3,30,17,750,5,0.1,3,0.1,Deer
1,273,0,0,0,0,0,0,0.978478,1.762745,0.33,0.29,4,1,3,3,30,17,750,5,0.1,3,0.1,Deer
1,274,0,0,0,0,0,0,0.978478,1.762745,0.33,0.29,4,1,3,3,30,17,750,5,0.1,3,0.1,Deer
1,275,0,0,0,0,0,0,0.978478,1.762745,0.33,0.29,4,1,3,3,30,17,750,5,0.1,3,0.1,Deer
0,264,0,0,0,0,0,0,0,0,0,0,0,0,0,0,0,0,0,0,0,0,0,Bear
0,265,0,0,0,0,0,0,0,0,0,0,0,0,0,0,0,0,0,0,0,0,0,Bear
0,266,0,0,0,0,0,0,0,0,0,0,0,0,0,0,0,0,0,0,0,0,0,Bear
0,267,0,0,0,0,0,0,0,0,0,0,0,0,0,0,0,0,0,0,0,0,0,Bear
0,268,0,0,0,0,0,0,0,0,0,0,0,0,0,0,0,0,0,0,0,0,0,Bear
0,269,0,0,0,0,0,0,0,0,0,0,0,0,0,0,0,0,0,0,0,0,0,Bear
0,270,0,0,0,0,0,0,0,0,0,0,0,0,0,0,0,0,0,0,0,0,0,Bear
0,271,0,0,0,0,0,0,0,0,0,0,0,0,0,0,0,0,0,0,0,0,0,Bear
0,272,0,0,0,0,0,0,0,0,0,0,0,0,0,0,0,0,0,0,0,0,0,Bear
0,273,0,0,0,0,0,0,0,0,0,0,0,0,0,0,0,0,0,0,0,0,0,Bear
0,274,0,0,0,0,0,0,0,0,0,0,0,0,0,0,0,0,0,0,0,0,0,Bear
0,275,0,0,0,0,0,0,0,0,0,0,0,0,0,0,0,0,0,0,0,0,0,Bear
1,276,0,0,0,0,0,0,0.978478,1.762745,0.33,0.29,4,1,3,3,30,17,750,5,0.1,3,0.1,Deer
1,277,0,0,0,0,0,0,0.978478,1.762745,0.33,0.29,4,1,3,3,30,17,750,5,0.1,3,0.1,Deer
1,278,0,0,0,0,0,0,0.978478,1.762745,0.33,0.29,4,1,3,3,30,17,750,5,0.1,3,0.1,Deer
1,279,0,0,0,0,0,0,0.978478,1.762745,0.33,0.29,4,1,3,3,30,17,750,5,0.1,3,0.1,Deer
1,280,0,0,0,0,0,0,0.978478,1.762745,0.33,0.29,4,1,3,3,30,17,750,5,0.1,3,0.1,Deer
1,281,0,0,0,0,0,0,0.978478,1.762745,0.33,0.29,4,1,3,3,30,17,750,5,0.1,3,0.1,Deer
1,282,0,0,0,0,0,0,0.978478,1.762745,0.33,0.29,4,1,3,3,30,17,750,5,0.1,3,0.1,Deer
1,283,0,0,0,0,0,0,0.978478,1.762745,0.33,0.29,4,1,3,3,30,17,750,5,0.1,3,0.1,Deer
1,284,0,0,0,0,0,0,0.978478,1.762745,0.33,0.29,4,1,3,3,30,17,750,5,0.1,3,0.1,Deer
1,285,0,0,0,0,0,0,0.978478,1.762745,0.33,0.29,4,1,3,3,30,17,750,5,0.1,3,0.1,Deer
1,286,0,0,0,0,0,0,0.978478,1.762745,0.33,0.29,4,1,3,3,30,17,750,5,0.1,3,0.1,Deer
1,287,0,0,0,0,0,0,0.978478,1.762745,0.33,0.29,4,1,3,3,30,17,750,5,0.1,3,0.1,Deer
0,276,0,0,0,0,0,0,0,0,0,0,0,0,0,0,0,0,0,0,0,0,0,Bear
0,277,0,0,0,0,0,0,0,0,0,0,0,0,0,0,0,0,0,0,0,0,0,Bear
0,278,0,0,0,0,0,0,0,0,0,0,0,0,0,0,0,0,0,0,0,0,0,Bear
0,279,0,0,0,0,0,0,0,0,0,0,0,0,0,0,0,0,0,0,0,0,0,Bear
0,280,0,0,0,0,0,0,0,0,0,0,0,0,0,0,0,0,0,0,0,0,0,Bear
0,281,0,0,0,0,0,0,0,0,0,0,0,0,0,0,0,0,0,0,0,0,0,Bear
0,282,0,0,0,0,0,0,0,0,0,0,0,0,0,0,0,0,0,0,0,0,0,Bear
0,283,0,0,0,0,0,0,0,0,0,0,0,0,0,0,0,0,0,0,0,0,0,Bear
0,284,0,0,0,0,0,0,0,0,0,0,0,0,0,0,0,0,0,0,0,0,0,Bear
0,285,0,0,0,0,0,0,0,0,0,0,0,0,0,0,0,0,0,0,0,0,0,Bear
0,286,0,0,0,0,0,0,0,0,0,0,0,0,0,0,0,0,0,0,0,0,0,Bear
0,287,0,0,0,0,0,0,0,0,0,0,0,0,0,0,0,0,0,0,0,0,0,Bear
