population,time,deathsByAge,deathsByHunger,deathsByThirst,deathsByHunt,deathsTotal,births,speed,size,hungerDecreaseFactor,thirstDecreaseFactor,staminaDecreaseFactor,staminaIncreaseFactor,gestationDuration,durationBetweenPregnancies,fovRange,growIntoAdultDurationSeconds,expectedAge,averageNumberOfChildren,foodRestoreHungerAmount,waterRestoreThirstAmount,maxSpeed,minSpeed,maxSize,minSize,species
200,5,0,0,0,0,0,0,0.9874012,1.014921,0.5,0.3,3,1,48,39,30,87,525,3,200,200,5,0.1,3,0.1,Deer
200,10,0,0,0,1,1,0,0.9874012,1.014921,0.5,0.3,3,1,48,39,30,87,525,3,200,200,5,0.1,3,0.1,Deer
195,15,0,0,0,5,5,0,0.9886069,1.014721,0.5,0.3,3,1,48,39,30,87,525,3,200,200,5,0.1,3,0.1,Deer
195,20,0,0,0,0,0,0,0.9886069,1.014721,0.5,0.3,3,1,48,39,30,87,525,3,200,200,5,0.1,3,0.1,Deer
194,25,0,0,0,2,2,0,0.9895366,1.014324,0.5,0.3,3,1,48,39,30,87,525,3,200,200,5,0.1,3,0.1,Deer
191,30,0,0,0,2,2,0,0.988502,1.013808,0.5,0.3,3,1,48,39,30,87,525,3,200,200,5,0.1,3,0.1,Deer
191,35,0,0,0,0,0,0,0.988502,1.013808,0.5,0.3,3,1,48,39,30,87,525,3,200,200,5,0.1,3,0.1,Deer
191,40,0,0,0,0,0,0,0.988502,1.013808,0.5,0.3,3,1,48,39,30,87,525,3,200,200,5,0.1,3,0.1,Deer
190,45,0,0,0,1,1,0,0.9877679,1.013133,0.5,0.3,3,1,48,39,30,87,525,3,200,200,5,0.1,3,0.1,Deer
190,50,0,0,0,2,2,0,0.9877679,1.013133,0.5,0.3,3,1,48,39,30,87,525,3,200,200,5,0.1,3,0.1,Deer
188,55,0,0,0,0,0,0,0.9859146,1.012315,0.5,0.3,3,1,48,39,30,87,525,3,200,200,5,0.1,3,0.1,Deer
187,60,0,0,0,1,1,0,0.9863738,1.013374,0.5,0.3,3,1,48,39,30,87,525,3,200,200,5,0.1,3,0.1,Deer
10,5,0,0,0,0,0,0,0.9926764,1.00136,0.55,0.25,6,1,100,80,30,200,1000,3,400,200,5,0.1,3,0.1,Bear
10,10,0,0,0,0,0,0,0.9926764,1.00136,0.55,0.25,6,1,100,80,30,200,1000,3,400,200,5,0.1,3,0.1,Bear
10,15,0,0,0,0,0,0,0.9926764,1.00136,0.55,0.25,6,1,100,80,30,200,1000,3,400,200,5,0.1,3,0.1,Bear
10,20,0,0,0,0,0,0,0.9926764,1.00136,0.55,0.25,6,1,100,80,30,200,1000,3,400,200,5,0.1,3,0.1,Bear
10,25,0,0,0,0,0,0,0.9926764,1.00136,0.55,0.25,6,1,100,80,30,200,1000,3,400,200,5,0.1,3,0.1,Bear
10,30,0,0,0,0,0,0,0.9926764,1.00136,0.55,0.25,6,1,100,80,30,200,1000,3,400,200,5,0.1,3,0.1,Bear
10,35,0,0,0,0,0,0,0.9926764,1.00136,0.55,0.25,6,1,100,80,30,200,1000,3,400,200,5,0.1,3,0.1,Bear
10,40,0,0,0,0,0,0,0.9926764,1.00136,0.55,0.25,6,1,100,80,30,200,1000,3,400,200,5,0.1,3,0.1,Bear
10,45,0,0,0,0,0,0,0.9926764,1.00136,0.55,0.25,6,1,100,80,30,200,1000,3,400,200,5,0.1,3,0.1,Bear
10,50,0,0,0,0,0,0,0.9926764,1.00136,0.55,0.25,6,1,100,80,30,200,1000,3,400,200,5,0.1,3,0.1,Bear
10,55,0,0,0,0,0,0,0.9926764,1.00136,0.55,0.25,6,1,100,80,30,200,1000,3,400,200,5,0.1,3,0.1,Bear
10,60,0,0,0,0,0,0,0.9926764,1.00136,0.55,0.25,6,1,100,80,30,200,1000,3,400,200,5,0.1,3,0.1,Bear
200,5,0,0,0,0,0,0,0,0,0,0,0,0,0,0,0,0,0,0,0,0,0,0,0,0,Grass
200,10,0,0,0,0,0,0,0,0,0,0,0,0,0,0,0,0,0,0,0,0,0,0,0,0,Grass
163,15,0,0,0,0,0,0,0,0,0,0,0,0,0,0,0,0,0,0,0,0,0,0,0,0,Grass
163,20,0,0,0,0,0,0,0,0,0,0,0,0,0,0,0,0,0,0,0,0,0,0,0,0,Grass
162,25,0,0,0,0,0,0,0,0,0,0,0,0,0,0,0,0,0,0,0,0,0,0,0,0,Grass
162,30,0,0,0,0,0,0,0,0,0,0,0,0,0,0,0,0,0,0,0,0,0,0,0,0,Grass
162,35,0,0,0,0,0,0,0,0,0,0,0,0,0,0,0,0,0,0,0,0,0,0,0,0,Grass
162,40,0,0,0,0,0,0,0,0,0,0,0,0,0,0,0,0,0,0,0,0,0,0,0,0,Grass
156,45,0,0,0,0,0,0,0,0,0,0,0,0,0,0,0,0,0,0,0,0,0,0,0,0,Grass
156,50,0,0,0,0,0,0,0,0,0,0,0,0,0,0,0,0,0,0,0,0,0,0,0,0,Grass
152,55,0,0,0,0,0,0,0,0,0,0,0,0,0,0,0,0,0,0,0,0,0,0,0,0,Grass
152,60,0,0,0,0,0,0,0,0,0,0,0,0,0,0,0,0,0,0,0,0,0,0,0,0,Grass
183,65,3,0,0,1,4,0,0.9887004,1.016109,0.5,0.3,3,1,48,39,30,87,525,3,200,200,5,0.1,3,0.1,Deer
183,70,0,0,0,0,0,0,0.9887004,1.016109,0.5,0.3,3,1,48,39,30,87,525,3,200,200,5,0.1,3,0.1,Deer
182,75,0,0,0,1,1,0,0.989044,1.017126,0.5,0.3,3,1,48,39,30,87,525,3,200,200,5,0.1,3,0.1,Deer
182,80,0,0,0,0,0,0,0.989044,1.017126,0.5,0.3,3,1,48,39,30,87,525,3,200,200,5,0.1,3,0.1,Deer
182,85,0,0,0,0,0,0,0.989044,1.017126,0.5,0.3,3,1,48,39,30,87,525,3,200,200,5,0.1,3,0.1,Deer
181,90,0,0,0,1,1,0,0.9878646,1.016578,0.5,0.3,3,1,48,39,30,87,525,3,200,200,5,0.1,3,0.1,Deer
177,95,4,0,0,0,4,0,0.9908629,1.018024,0.5,0.3,3,1,48,39,30,87,525,3,200,200,5,0.1,3,0.1,Deer
179,100,0,0,0,3,3,4,0.9932996,1.019965,0.5,0.3,3,1,48,39,30,87,525,3,200,200,5,0.1,3,0.1,Deer
177,105,0,0,0,2,2,0,0.9932066,1.019334,0.5,0.3,3,1,48,39,30,87,525,3,200,200,5,0.1,3,0.1,Deer
185,110,0,0,0,0,0,9,0.988739,1.018567,0.5,0.3,3,1,48,39,30,87,525,3,200,200,5,0.1,3,0.1,Deer
185,115,0,0,0,0,0,0,0.988739,1.018567,0.5,0.3,3,1,48,39,30,87,525,3,200,200,5,0.1,3,0.1,Deer
188,120,0,0,0,1,1,3,0.9892102,1.017836,0.5,0.3,3,1,48,39,30,87,525,3,200,200,5,0.1,3,0.1,Deer
10,65,0,0,0,0,0,0,0.9926764,1.00136,0.55,0.25,6,1,100,80,30,200,1000,3,400,200,5,0.1,3,0.1,Bear
10,70,0,0,0,0,0,0,0.9926764,1.00136,0.55,0.25,6,1,100,80,30,200,1000,3,400,200,5,0.1,3,0.1,Bear
10,75,0,0,0,0,0,0,0.9926764,1.00136,0.55,0.25,6,1,100,80,30,200,1000,3,400,200,5,0.1,3,0.1,Bear
10,80,0,0,0,0,0,0,0.9926764,1.00136,0.55,0.25,6,1,100,80,30,200,1000,3,400,200,5,0.1,3,0.1,Bear
10,85,0,0,0,0,0,0,0.9926764,1.00136,0.55,0.25,6,1,100,80,30,200,1000,3,400,200,5,0.1,3,0.1,Bear
10,90,0,0,0,0,0,0,0.9926764,1.00136,0.55,0.25,6,1,100,80,30,200,1000,3,400,200,5,0.1,3,0.1,Bear
10,95,0,0,0,0,0,0,0.9926764,1.00136,0.55,0.25,6,1,100,80,30,200,1000,3,400,200,5,0.1,3,0.1,Bear
10,100,0,0,0,0,0,0,0.9926764,1.00136,0.55,0.25,6,1,100,80,30,200,1000,3,400,200,5,0.1,3,0.1,Bear
10,105,0,0,0,0,0,0,0.9926764,1.00136,0.55,0.25,6,1,100,80,30,200,1000,3,400,200,5,0.1,3,0.1,Bear
10,110,0,0,0,0,0,0,0.9926764,1.00136,0.55,0.25,6,1,100,80,30,200,1000,3,400,200,5,0.1,3,0.1,Bear
10,115,0,0,0,0,0,0,0.9926764,1.00136,0.55,0.25,6,1,100,80,30,200,1000,3,400,200,5,0.1,3,0.1,Bear
14,120,0,0,0,0,0,4,1.039967,0.9994708,0.55,0.25,6,1,100,80,30,200,1000,3,400,200,5,0.1,3,0.1,Bear
145,65,0,0,0,0,0,0,0,0,0,0,0,0,0,0,0,0,0,0,0,0,0,0,0,0,Grass
145,70,0,0,0,0,0,0,0,0,0,0,0,0,0,0,0,0,0,0,0,0,0,0,0,0,Grass
182,75,0,0,0,0,0,0,0,0,0,0,0,0,0,0,0,0,0,0,0,0,0,0,0,0,Grass
182,80,0,0,0,0,0,0,0,0,0,0,0,0,0,0,0,0,0,0,0,0,0,0,0,0,Grass
171,85,0,0,0,0,0,0,0,0,0,0,0,0,0,0,0,0,0,0,0,0,0,0,0,0,Grass
171,90,0,0,0,0,0,0,0,0,0,0,0,0,0,0,0,0,0,0,0,0,0,0,0,0,Grass
160,95,0,0,0,0,0,0,0,0,0,0,0,0,0,0,0,0,0,0,0,0,0,0,0,0,Grass
158,100,0,0,0,0,0,0,0,0,0,0,0,0,0,0,0,0,0,0,0,0,0,0,0,0,Grass
151,105,0,0,0,0,0,0,0,0,0,0,0,0,0,0,0,0,0,0,0,0,0,0,0,0,Grass
151,110,0,0,0,0,0,0,0,0,0,0,0,0,0,0,0,0,0,0,0,0,0,0,0,0,Grass
152,115,0,0,0,0,0,0,0,0,0,0,0,0,0,0,0,0,0,0,0,0,0,0,0,0,Grass
152,120,0,0,0,0,0,0,0,0,0,0,0,0,0,0,0,0,0,0,0,0,0,0,0,0,Grass
184,125,6,0,0,3,9,5,0.9935449,1.017487,0.5,0.3,3,1,48,39,30,87,525,3,200,200,5,0.1,3,0.1,Deer
183,130,0,0,0,1,1,0,0.9923266,1.018318,0.5,0.3,3,1,48,39,30,87,525,3,200,200,5,0.1,3,0.1,Deer
182,135,0,0,0,1,1,0,0.9918531,1.017613,0.5,0.3,3,1,48,39,30,87,525,3,200,200,5,0.1,3,0.1,Deer
181,140,0,0,0,2,2,0,0.9915255,1.016819,0.5,0.3,3,1,48,39,30,87,525,3,200,200,5,0.1,3,0.1,Deer
184,145,0,1,1,1,2,6,0.9908391,1.021628,0.5,0.3,3,1,48,39,30,87,525,3,200,200,5,0.1,3,0.1,Deer
185,150,0,1,1,1,2,1,0.9915549,1.021611,0.5,0.3,3,1,48,39,30,87,525,3,200,200,5,0.1,3,0.1,Deer
177,155,4,1,0,2,7,0,0.9866436,1.022471,0.5,0.3,3,1,48,39,30,87,525,3,200,200,5,0.1,3,0.1,Deer
179,160,0,2,1,1,4,6,0.9949726,1.027001,0.5,0.3,3,1,48,39,30,87,525,3,200,200,5,0.1,3,0.1,Deer
185,165,0,5,2,1,7,11,0.9912391,1.029501,0.5,0.3,3,1,48,39,30,87,525,3,200,200,5,0.1,3,0.1,Deer
193,170,0,4,0,1,5,13,0.9927224,1.037348,0.5,0.3,3,1,48,39,30,87,525,3,200,200,5,0.1,3,0.1,Deer
190,175,0,5,1,0,5,5,0.9968139,1.045537,0.5,0.3,3,1,48,39,30,87,525,3,200,200,5,0.1,3,0.1,Deer
188,180,0,2,1,3,6,1,0.9930355,1.046957,0.5,0.3,3,1,48,39,30,87,525,3,200,200,5,0.1,3,0.1,Deer
14,125,0,0,0,0,0,0,1.039967,0.9994708,0.55,0.25,6,1,100,80,30,200,1000,3,400,200,5,0.1,3,0.1,Bear
14,130,0,0,0,0,0,0,1.039967,0.9994708,0.55,0.25,6,1,100,80,30,200,1000,3,400,200,5,0.1,3,0.1,Bear
14,135,0,0,0,0,0,0,1.039967,0.9994708,0.55,0.25,6,1,100,80,30,200,1000,3,400,200,5,0.1,3,0.1,Bear
16,140,0,0,0,0,0,2,1.012607,1.030399,0.55,0.25,6,1,100,80,30,200,1000,3,400,200,5,0.1,3,0.1,Bear
16,145,0,0,0,0,0,0,1.012607,1.030399,0.55,0.25,6,1,100,80,30,200,1000,3,400,200,5,0.1,3,0.1,Bear
16,150,0,0,0,0,0,0,1.012607,1.030399,0.55,0.25,6,1,100,80,30,200,1000,3,400,200,5,0.1,3,0.1,Bear
16,155,0,0,0,0,0,0,1.012607,1.030399,0.55,0.25,6,1,100,80,30,200,1000,3,400,200,5,0.1,3,0.1,Bear
16,160,0,0,0,0,0,0,1.012607,1.030399,0.55,0.25,6,1,100,80,30,200,1000,3,400,200,5,0.1,3,0.1,Bear
16,165,0,0,0,0,0,0,1.012607,1.030399,0.55,0.25,6,1,100,80,30,200,1000,3,400,200,5,0.1,3,0.1,Bear
16,170,0,0,0,0,0,0,1.012607,1.030399,0.55,0.25,6,1,100,80,30,200,1000,3,400,200,5,0.1,3,0.1,Bear
16,175,0,0,0,0,0,0,1.012607,1.030399,0.55,0.25,6,1,100,80,30,200,1000,3,400,200,5,0.1,3,0.1,Bear
16,180,0,0,0,0,0,0,1.012607,1.030399,0.55,0.25,6,1,100,80,30,200,1000,3,400,200,5,0.1,3,0.1,Bear
149,125,0,0,0,0,0,0,0,0,0,0,0,0,0,0,0,0,0,0,0,0,0,0,0,0,Grass
148,130,0,0,0,0,0,0,0,0,0,0,0,0,0,0,0,0,0,0,0,0,0,0,0,0,Grass
142,135,0,0,0,0,0,0,0,0,0,0,0,0,0,0,0,0,0,0,0,0,0,0,0,0,Grass
140,140,0,0,0,0,0,0,0,0,0,0,0,0,0,0,0,0,0,0,0,0,0,0,0,0,Grass
144,145,0,0,0,0,0,0,0,0,0,0,0,0,0,0,0,0,0,0,0,0,0,0,0,0,Grass
144,150,0,0,0,0,0,0,0,0,0,0,0,0,0,0,0,0,0,0,0,0,0,0,0,0,Grass
152,155,0,0,0,0,0,0,0,0,0,0,0,0,0,0,0,0,0,0,0,0,0,0,0,0,Grass
154,160,0,0,0,0,0,0,0,0,0,0,0,0,0,0,0,0,0,0,0,0,0,0,0,0,Grass
160,165,0,0,0,0,0,0,0,0,0,0,0,0,0,0,0,0,0,0,0,0,0,0,0,0,Grass
160,170,0,0,0,0,0,0,0,0,0,0,0,0,0,0,0,0,0,0,0,0,0,0,0,0,Grass
159,175,0,0,0,0,0,0,0,0,0,0,0,0,0,0,0,0,0,0,0,0,0,0,0,0,Grass
158,180,0,0,0,0,0,0,0,0,0,0,0,0,0,0,0,0,0,0,0,0,0,0,0,0,Grass
184,185,3,1,0,2,6,3,0.9946983,1.049824,0.5,0.3,3,1,48,39,30,87,525,3,200,200,5,0.1,3,0.1,Deer
180,190,0,4,1,0,4,0,0.9966078,1.052791,0.5,0.3,3,1,48,39,30,87,525,3,200,200,5,0.1,3,0.1,Deer
178,195,0,1,1,0,2,2,0.9981394,1.058563,0.5,0.3,3,1,48,39,30,87,525,3,200,200,5,0.1,3,0.1,Deer
172,200,1,5,1,1,8,0,0.9978488,1.062274,0.5,0.3,3,1,48,39,30,87,525,3,200,200,5,0.1,3,0.1,Deer
170,205,0,4,3,0,7,7,0.9998875,1.071315,0.5,0.3,3,1,48,39,30,87,525,3,200,200,5,0.1,3,0.1,Deer
164,210,0,4,2,2,8,0,0.9962247,1.076816,0.5,0.3,3,1,48,39,30,87,525,3,200,200,5,0.1,3,0.1,Deer
152,215,6,2,0,2,10,0,0.9965556,1.079163,0.5,0.3,3,1,48,39,30,87,525,3,200,200,5,0.1,3,0.1,Deer
150,220,0,0,0,2,2,0,0.9982297,1.080442,0.5,0.3,3,1,48,39,30,87,525,3,200,200,5,0.1,3,0.1,Deer
149,225,0,1,2,1,4,2,0.9944687,1.078519,0.5,0.3,3,1,48,39,30,87,525,3,200,200,5,0.1,3,0.1,Deer
150,230,0,4,1,1,5,6,0.9941516,1.079543,0.5,0.3,3,1,48,39,30,87,525,3,200,200,5,0.1,3,0.1,Deer
151,235,2,1,3,0,6,6,0.9942731,1.074251,0.5,0.3,3,1,48,39,30,87,525,3,200,200,5,0.1,3,0.1,Deer
154,240,0,2,1,0,2,6,0.9962125,1.088062,0.5,0.3,3,1,48,39,30,87,525,3,200,200,5,0.1,3,0.1,Deer
16,185,0,0,0,0,0,0,1.012607,1.030399,0.55,0.25,6,1,100,80,30,200,1000,3,400,200,5,0.1,3,0.1,Bear
16,190,0,0,0,0,0,0,1.012607,1.030399,0.55,0.25,6,1,100,80,30,200,1000,3,400,200,5,0.1,3,0.1,Bear
16,195,0,0,0,0,0,0,1.012607,1.030399,0.55,0.25,6,1,100,80,30,200,1000,3,400,200,5,0.1,3,0.1,Bear
16,200,0,0,0,0,0,0,1.012607,1.030399,0.55,0.25,6,1,100,80,30,200,1000,3,400,200,5,0.1,3,0.1,Bear
16,205,0,0,0,0,0,0,1.012607,1.030399,0.55,0.25,6,1,100,80,30,200,1000,3,400,200,5,0.1,3,0.1,Bear
16,210,0,0,0,0,0,0,1.012607,1.030399,0.55,0.25,6,1,100,80,30,200,1000,3,400,200,5,0.1,3,0.1,Bear
16,215,0,0,0,0,0,0,1.012607,1.030399,0.55,0.25,6,1,100,80,30,200,1000,3,400,200,5,0.1,3,0.1,Bear
16,220,0,0,0,0,0,0,1.012607,1.030399,0.55,0.25,6,1,100,80,30,200,1000,3,400,200,5,0.1,3,0.1,Bear
16,225,0,0,0,0,0,0,1.012607,1.030399,0.55,0.25,6,1,100,80,30,200,1000,3,400,200,5,0.1,3,0.1,Bear
16,230,0,0,0,0,0,0,1.012607,1.030399,0.55,0.25,6,1,100,80,30,200,1000,3,400,200,5,0.1,3,0.1,Bear
16,235,0,0,0,0,0,0,1.012607,1.030399,0.55,0.25,6,1,100,80,30,200,1000,3,400,200,5,0.1,3,0.1,Bear
16,240,0,0,0,0,0,0,1.012607,1.030399,0.55,0.25,6,1,100,80,30,200,1000,3,400,200,5,0.1,3,0.1,Bear
164,185,0,0,0,0,0,0,0,0,0,0,0,0,0,0,0,0,0,0,0,0,0,0,0,0,Grass
165,190,0,0,0,0,0,0,0,0,0,0,0,0,0,0,0,0,0,0,0,0,0,0,0,0,Grass
160,195,0,0,0,0,0,0,0,0,0,0,0,0,0,0,0,0,0,0,0,0,0,0,0,0,Grass
162,200,0,0,0,0,0,0,0,0,0,0,0,0,0,0,0,0,0,0,0,0,0,0,0,0,Grass
166,205,0,0,0,0,0,0,0,0,0,0,0,0,0,0,0,0,0,0,0,0,0,0,0,0,Grass
165,210,0,0,0,0,0,0,0,0,0,0,0,0,0,0,0,0,0,0,0,0,0,0,0,0,Grass
166,215,0,0,0,0,0,0,0,0,0,0,0,0,0,0,0,0,0,0,0,0,0,0,0,0,Grass
166,220,0,0,0,0,0,0,0,0,0,0,0,0,0,0,0,0,0,0,0,0,0,0,0,0,Grass
167,225,0,0,0,0,0,0,0,0,0,0,0,0,0,0,0,0,0,0,0,0,0,0,0,0,Grass
167,230,0,0,0,0,0,0,0,0,0,0,0,0,0,0,0,0,0,0,0,0,0,0,0,0,Grass
169,235,0,0,0,0,0,0,0,0,0,0,0,0,0,0,0,0,0,0,0,0,0,0,0,0,Grass
169,240,0,0,0,0,0,0,0,0,0,0,0,0,0,0,0,0,0,0,0,0,0,0,0,0,Grass
149,245,2,3,0,2,7,2,0.9987537,1.090714,0.5,0.3,3,1,48,39,30,87,525,3,200,200,5,0.1,3,0.1,Deer
144,250,0,2,2,3,7,0,0.9952505,1.092048,0.5,0.3,3,1,48,39,30,87,525,3,200,200,5,0.1,3,0.1,Deer
141,255,0,2,1,0,3,1,0.9931882,1.09455,0.5,0.3,3,1,48,39,30,87,525,3,200,200,5,0.1,3,0.1,Deer
136,260,0,2,4,2,8,0,0.9956482,1.096568,0.5,0.3,3,1,48,39,30,87,525,3,200,200,5,0.1,3,0.1,Deer
136,265,0,4,2,1,6,6,0.9955723,1.098373,0.5,0.3,3,1,48,39,30,87,525,3,200,200,5,0.1,3,0.1,Deer
131,270,0,2,1,2,5,0,0.9979488,1.099119,0.5,0.3,3,1,48,39,30,87,525,3,200,200,5,0.1,3,0.1,Deer
125,275,4,0,0,2,6,0,1.00081,1.096584,0.5,0.3,3,1,48,39,30,87,525,3,200,200,5,0.1,3,0.1,Deer
121,280,0,0,2,1,3,0,0.9940675,1.096291,0.5,0.3,3,1,48,39,30,87,525,3,200,200,5,0.1,3,0.1,Deer
117,285,1,1,1,1,4,0,0.9968184,1.098158,0.5,0.3,3,1,48,39,30,87,525,3,200,200,5,0.1,3,0.1,Deer
119,290,0,2,3,0,4,5,1.009045,1.103412,0.5,0.3,3,1,48,39,30,87,525,3,200,200,5,0.1,3,0.1,Deer
114,295,1,1,0,3,5,0,1.013011,1.103068,0.5,0.3,3,1,48,39,30,87,525,3,200,200,5,0.1,3,0.1,Deer
113,300,0,2,0,1,3,2,1.011408,1.10347,0.5,0.3,3,1,48,39,30,87,525,3,200,200,5,0.1,3,0.1,Deer
16,245,0,0,0,0,0,0,1.012607,1.030399,0.55,0.25,6,1,100,80,30,200,1000,3,400,200,5,0.1,3,0.1,Bear
16,250,0,0,0,0,0,0,1.012607,1.030399,0.55,0.25,6,1,100,80,30,200,1000,3,400,200,5,0.1,3,0.1,Bear
16,255,0,0,0,0,0,0,1.012607,1.030399,0.55,0.25,6,1,100,80,30,200,1000,3,400,200,5,0.1,3,0.1,Bear
16,260,0,0,0,0,0,0,1.012607,1.030399,0.55,0.25,6,1,100,80,30,200,1000,3,400,200,5,0.1,3,0.1,Bear
16,265,0,0,0,0,0,0,1.012607,1.030399,0.55,0.25,6,1,100,80,30,200,1000,3,400,200,5,0.1,3,0.1,Bear
16,270,0,0,0,0,0,0,1.012607,1.030399,0.55,0.25,6,1,100,80,30,200,1000,3,400,200,5,0.1,3,0.1,Bear
15,275,1,0,0,0,1,0,1.003195,1.04441,0.55,0.25,6,1,100,80,30,200,1000,3,400,200,5,0.1,3,0.1,Bear
15,280,0,0,0,0,0,0,1.003195,1.04441,0.55,0.25,6,1,100,80,30,200,1000,3,400,200,5,0.1,3,0.1,Bear
15,285,0,0,0,0,0,0,1.003195,1.04441,0.55,0.25,6,1,100,80,30,200,1000,3,400,200,5,0.1,3,0.1,Bear
15,290,0,0,0,0,0,0,1.003195,1.04441,0.55,0.25,6,1,100,80,30,200,1000,3,400,200,5,0.1,3,0.1,Bear
15,295,0,0,0,0,0,0,1.003195,1.04441,0.55,0.25,6,1,100,80,30,200,1000,3,400,200,5,0.1,3,0.1,Bear
15,300,0,0,0,0,0,0,1.003195,1.04441,0.55,0.25,6,1,100,80,30,200,1000,3,400,200,5,0.1,3,0.1,Bear
171,245,0,0,0,0,0,0,0,0,0,0,0,0,0,0,0,0,0,0,0,0,0,0,0,0,Grass
170,250,0,0,0,0,0,0,0,0,0,0,0,0,0,0,0,0,0,0,0,0,0,0,0,0,Grass
177,255,0,0,0,0,0,0,0,0,0,0,0,0,0,0,0,0,0,0,0,0,0,0,0,0,Grass
176,260,0,0,0,0,0,0,0,0,0,0,0,0,0,0,0,0,0,0,0,0,0,0,0,0,Grass
176,265,0,0,0,0,0,0,0,0,0,0,0,0,0,0,0,0,0,0,0,0,0,0,0,0,Grass
177,270,0,0,0,0,0,0,0,0,0,0,0,0,0,0,0,0,0,0,0,0,0,0,0,0,Grass
175,275,0,0,0,0,0,0,0,0,0,0,0,0,0,0,0,0,0,0,0,0,0,0,0,0,Grass
175,280,0,0,0,0,0,0,0,0,0,0,0,0,0,0,0,0,0,0,0,0,0,0,0,0,Grass
177,285,0,0,0,0,0,0,0,0,0,0,0,0,0,0,0,0,0,0,0,0,0,0,0,0,Grass
177,290,0,0,0,0,0,0,0,0,0,0,0,0,0,0,0,0,0,0,0,0,0,0,0,0,Grass
175,295,0,0,0,0,0,0,0,0,0,0,0,0,0,0,0,0,0,0,0,0,0,0,0,0,Grass
176,300,0,0,0,0,0,0,0,0,0,0,0,0,0,0,0,0,0,0,0,0,0,0,0,0,Grass
105,305,4,3,2,1,10,0,1.01586,1.105246,0.5,0.3,3,1,48,39,30,87,525,3,200,200,5,0.1,3,0.1,Deer
101,310,0,2,0,0,2,0,1.020746,1.112354,0.5,0.3,3,1,48,39,30,87,525,3,200,200,5,0.1,3,0.1,Deer
105,315,1,0,0,1,2,5,1.029308,1.115174,0.5,0.3,3,1,48,39,30,87,525,3,200,200,5,0.1,3,0.1,Deer
102,320,1,0,0,3,4,0,1.028271,1.116783,0.5,0.3,3,1,48,39,30,87,525,3,200,200,5,0.1,3,0.1,Deer
97,325,1,0,2,0,3,0,1.029798,1.113718,0.5,0.3,3,1,48,39,30,87,525,3,200,200,5,0.1,3,0.1,Deer
97,330,0,4,2,2,6,4,1.024896,1.110083,0.5,0.3,3,1,48,39,30,87,525,3,200,200,5,0.1,3,0.1,Deer
89,335,1,2,2,1,6,0,1.029028,1.105831,0.5,0.3,3,1,48,39,30,87,525,3,200,200,5,0.1,3,0.1,Deer
86,340,1,2,1,1,4,0,1.029682,1.112926,0.5,0.3,3,1,48,39,30,87,525,3,200,200,5,0.1,3,0.1,Deer
81,345,0,2,4,0,4,0,1.032746,1.125869,0.5,0.3,3,1,48,39,30,87,525,3,200,200,5,0.1,3,0.1,Deer
77,350,1,2,1,3,6,0,1.012618,1.123534,0.5,0.3,3,1,48,39,30,87,525,3,200,200,5,0.1,3,0.1,Deer
75,355,0,0,1,1,2,0,1.011881,1.123977,0.5,0.3,3,1,48,39,30,87,525,3,200,200,5,0.1,3,0.1,Deer
68,360,0,3,3,4,7,0,0.9920709,1.118386,0.5,0.3,3,1,48,39,30,87,525,3,200,200,5,0.1,3,0.1,Deer
15,305,0,0,0,0,0,0,1.003195,1.04441,0.55,0.25,6,1,100,80,30,200,1000,3,400,200,5,0.1,3,0.1,Bear
15,310,0,0,0,0,0,0,1.003195,1.04441,0.55,0.25,6,1,100,80,30,200,1000,3,400,200,5,0.1,3,0.1,Bear
15,315,0,0,0,0,0,0,1.003195,1.04441,0.55,0.25,6,1,100,80,30,200,1000,3,400,200,5,0.1,3,0.1,Bear
15,320,0,0,0,0,0,0,1.003195,1.04441,0.55,0.25,6,1,100,80,30,200,1000,3,400,200,5,0.1,3,0.1,Bear
15,325,0,0,0,0,0,0,1.003195,1.04441,0.55,0.25,6,1,100,80,30,200,1000,3,400,200,5,0.1,3,0.1,Bear
15,330,0,0,0,0,0,0,1.003195,1.04441,0.55,0.25,6,1,100,80,30,200,1000,3,400,200,5,0.1,3,0.1,Bear
15,335,0,0,0,0,0,0,1.003195,1.04441,0.55,0.25,6,1,100,80,30,200,1000,3,400,200,5,0.1,3,0.1,Bear
18,340,0,0,0,0,0,3,0.9857396,1.034629,0.55,0.25,6,1,100,80,30,200,1000,3,400,200,5,0.1,3,0.1,Bear
18,345,0,0,0,0,0,0,0.9857396,1.034629,0.55,0.25,6,1,100,80,30,200,1000,3,400,200,5,0.1,3,0.1,Bear
18,350,0,0,0,0,0,0,0.9857396,1.034629,0.55,0.25,6,1,100,80,30,200,1000,3,400,200,5,0.1,3,0.1,Bear
18,355,0,0,0,0,0,0,0.9857396,1.034629,0.55,0.25,6,1,100,80,30,200,1000,3,400,200,5,0.1,3,0.1,Bear
18,360,0,0,0,0,0,0,0.9857396,1.034629,0.55,0.25,6,1,100,80,30,200,1000,3,400,200,5,0.1,3,0.1,Bear
175,305,0,0,0,0,0,0,0,0,0,0,0,0,0,0,0,0,0,0,0,0,0,0,0,0,Grass
176,310,0,0,0,0,0,0,0,0,0,0,0,0,0,0,0,0,0,0,0,0,0,0,0,0,Grass
178,315,0,0,0,0,0,0,0,0,0,0,0,0,0,0,0,0,0,0,0,0,0,0,0,0,Grass
179,320,0,0,0,0,0,0,0,0,0,0,0,0,0,0,0,0,0,0,0,0,0,0,0,0,Grass
181,325,0,0,0,0,0,0,0,0,0,0,0,0,0,0,0,0,0,0,0,0,0,0,0,0,Grass
180,330,0,0,0,0,0,0,0,0,0,0,0,0,0,0,0,0,0,0,0,0,0,0,0,0,Grass
179,335,0,0,0,0,0,0,0,0,0,0,0,0,0,0,0,0,0,0,0,0,0,0,0,0,Grass
178,340,0,0,0,0,0,0,0,0,0,0,0,0,0,0,0,0,0,0,0,0,0,0,0,0,Grass
175,345,0,0,0,0,0,0,0,0,0,0,0,0,0,0,0,0,0,0,0,0,0,0,0,0,Grass
172,350,0,0,0,0,0,0,0,0,0,0,0,0,0,0,0,0,0,0,0,0,0,0,0,0,Grass
173,355,0,0,0,0,0,0,0,0,0,0,0,0,0,0,0,0,0,0,0,0,0,0,0,0,Grass
172,360,0,0,0,0,0,0,0,0,0,0,0,0,0,0,0,0,0,0,0,0,0,0,0,0,Grass
64,365,1,2,0,2,5,0,0.9964463,1.122544,0.5,0.3,3,1,48,39,30,87,525,3,200,200,5,0.1,3,0.1,Deer
68,370,0,1,1,0,1,6,0.9829377,1.123294,0.5,0.3,3,1,48,39,30,87,525,3,200,200,5,0.1,3,0.1,Deer
66,375,0,2,0,0,2,0,0.9840193,1.128757,0.5,0.3,3,1,48,39,30,87,525,3,200,200,5,0.1,3,0.1,Deer
66,380,0,1,1,0,2,0,0.9840193,1.128757,0.5,0.3,3,1,48,39,30,87,525,3,200,200,5,0.1,3,0.1,Deer
66,385,0,1,2,1,4,6,0.9594749,1.153541,0.5,0.3,3,1,48,39,30,87,525,3,200,200,5,0.1,3,0.1,Deer
64,390,0,2,0,1,3,0,0.962415,1.15813,0.5,0.3,3,1,48,39,30,87,525,3,200,200,5,0.1,3,0.1,Deer
63,395,0,0,0,0,0,0,0.9581436,1.157503,0.5,0.3,3,1,48,39,30,87,525,3,200,200,5,0.1,3,0.1,Deer
65,400,0,0,0,1,1,3,0.9530405,1.156582,0.5,0.3,3,1,48,39,30,87,525,3,200,200,5,0.1,3,0.1,Deer
64,405,1,0,0,2,3,0,0.955736,1.152199,0.5,0.3,3,1,48,39,30,87,525,3,200,200,5,0.1,3,0.1,Deer
74,410,0,0,0,1,1,13,0.9685255,1.13305,0.5,0.3,3,1,48,39,30,87,525,3,200,200,5,0.1,3,0.1,Deer
77,415,1,0,1,2,4,6,0.9754182,1.137554,0.5,0.3,3,1,48,39,30,87,525,3,200,200,5,0.1,3,0.1,Deer
75,420,0,0,1,0,1,0,0.9707906,1.134979,0.5,0.3,3,1,48,39,30,87,525,3,200,200,5,0.1,3,0.1,Deer
18,365,0,0,0,0,0,0,0.9857396,1.034629,0.55,0.25,6,1,100,80,30,200,1000,3,400,200,5,0.1,3,0.1,Bear
18,370,0,0,0,0,0,0,0.9857396,1.034629,0.55,0.25,6,1,100,80,30,200,1000,3,400,200,5,0.1,3,0.1,Bear
18,375,0,0,0,0,0,0,0.9857396,1.034629,0.55,0.25,6,1,100,80,30,200,1000,3,400,200,5,0.1,3,0.1,Bear
18,380,0,0,0,0,0,0,0.9857396,1.034629,0.55,0.25,6,1,100,80,30,200,1000,3,400,200,5,0.1,3,0.1,Bear
18,385,0,0,0,0,0,0,0.9857396,1.034629,0.55,0.25,6,1,100,80,30,200,1000,3,400,200,5,0.1,3,0.1,Bear
18,390,0,0,0,0,0,0,0.9857396,1.034629,0.55,0.25,6,1,100,80,30,200,1000,3,400,200,5,0.1,3,0.1,Bear
17,395,1,0,0,0,1,0,0.9775501,1.043065,0.55,0.25,6,1,100,80,30,200,1000,3,400,200,5,0.1,3,0.1,Bear
16,400,1,0,0,0,1,0,0.9984916,1.046975,0.55,0.25,6,1,100,80,30,200,1000,3,400,200,5,0.1,3,0.1,Bear
16,405,0,0,0,0,0,0,0.9984916,1.046975,0.55,0.25,6,1,100,80,30,200,1000,3,400,200,5,0.1,3,0.1,Bear
16,410,0,0,0,0,0,0,0.9984916,1.046975,0.55,0.25,6,1,100,80,30,200,1000,3,400,200,5,0.1,3,0.1,Bear
16,415,0,0,0,0,0,0,0.9984916,1.046975,0.55,0.25,6,1,100,80,30,200,1000,3,400,200,5,0.1,3,0.1,Bear
16,420,0,0,0,0,0,0,0.9984916,1.046975,0.55,0.25,6,1,100,80,30,200,1000,3,400,200,5,0.1,3,0.1,Bear
170,365,0,0,0,0,0,0,0,0,0,0,0,0,0,0,0,0,0,0,0,0,0,0,0,0,Grass
169,370,0,0,0,0,0,0,0,0,0,0,0,0,0,0,0,0,0,0,0,0,0,0,0,0,Grass
166,375,0,0,0,0,0,0,0,0,0,0,0,0,0,0,0,0,0,0,0,0,0,0,0,0,Grass
166,380,0,0,0,0,0,0,0,0,0,0,0,0,0,0,0,0,0,0,0,0,0,0,0,0,Grass
163,385,0,0,0,0,0,0,0,0,0,0,0,0,0,0,0,0,0,0,0,0,0,0,0,0,Grass
163,390,0,0,0,0,0,0,0,0,0,0,0,0,0,0,0,0,0,0,0,0,0,0,0,0,Grass
163,395,0,0,0,0,0,0,0,0,0,0,0,0,0,0,0,0,0,0,0,0,0,0,0,0,Grass
163,400,0,0,0,0,0,0,0,0,0,0,0,0,0,0,0,0,0,0,0,0,0,0,0,0,Grass
166,405,0,0,0,0,0,0,0,0,0,0,0,0,0,0,0,0,0,0,0,0,0,0,0,0,Grass
167,410,0,0,0,0,0,0,0,0,0,0,0,0,0,0,0,0,0,0,0,0,0,0,0,0,Grass
168,415,0,0,0,0,0,0,0,0,0,0,0,0,0,0,0,0,0,0,0,0,0,0,0,0,Grass
169,420,0,0,0,0,0,0,0,0,0,0,0,0,0,0,0,0,0,0,0,0,0,0,0,0,Grass
74,425,0,2,0,0,2,0,0.9688781,1.13634,0.5,0.3,3,1,48,39,30,87,525,3,200,200,5,0.1,3,0.1,Deer
71,430,0,1,0,2,3,0,0.9746894,1.145355,0.5,0.3,3,1,48,39,30,87,525,3,200,200,5,0.1,3,0.1,Deer
73,435,0,0,0,1,1,4,0.9777279,1.160982,0.5,0.3,3,1,48,39,30,87,525,3,200,200,5,0.1,3,0.1,Deer
73,440,0,1,0,0,1,0,0.9777279,1.160982,0.5,0.3,3,1,48,39,30,87,525,3,200,200,5,0.1,3,0.1,Deer
68,445,0,0,1,4,5,0,0.9744448,1.164834,0.5,0.3,3,1,48,39,30,87,525,3,200,200,5,0.1,3,0.1,Deer
67,450,0,0,0,1,1,0,0.9748951,1.167475,0.5,0.3,3,1,48,39,30,87,525,3,200,200,5,0.1,3,0.1,Deer
63,455,0,0,2,1,3,0,0.973129,1.173122,0.5,0.3,3,1,48,39,30,87,525,3,200,200,5,0.1,3,0.1,Deer
63,460,0,0,0,0,0,0,0.973129,1.173122,0.5,0.3,3,1,48,39,30,87,525,3,200,200,5,0.1,3,0.1,Deer
62,465,0,0,0,1,1,0,0.9733923,1.176558,0.5,0.3,3,1,48,39,30,87,525,3,200,200,5,0.1,3,0.1,Deer
61,470,0,0,1,0,1,0,0.96354,1.183913,0.5,0.3,3,1,48,39,30,87,525,3,200,200,5,0.1,3,0.1,Deer
62,475,0,0,0,1,1,2,0.9623352,1.177422,0.5,0.3,3,1,48,39,30,87,525,3,200,200,5,0.1,3,0.1,Deer
67,480,0,0,0,0,0,5,0.9505998,1.167266,0.5,0.3,3,1,48,39,30,87,525,3,200,200,5,0.1,3,0.1,Deer
16,425,0,0,0,0,0,0,0.9984916,1.046975,0.55,0.25,6,1,100,80,30,200,1000,3,400,200,5,0.1,3,0.1,Bear
16,430,0,0,0,0,0,0,0.9984916,1.046975,0.55,0.25,6,1,100,80,30,200,1000,3,400,200,5,0.1,3,0.1,Bear
16,435,0,0,0,0,0,0,0.9984916,1.046975,0.55,0.25,6,1,100,80,30,200,1000,3,400,200,5,0.1,3,0.1,Bear
16,440,0,0,0,0,0,0,0.9984916,1.046975,0.55,0.25,6,1,100,80,30,200,1000,3,400,200,5,0.1,3,0.1,Bear
16,445,0,0,0,0,0,0,0.9984916,1.046975,0.55,0.25,6,1,100,80,30,200,1000,3,400,200,5,0.1,3,0.1,Bear
18,450,0,0,0,0,0,2,1.006962,1.065637,0.55,0.25,6,1,100,80,30,200,1000,3,400,200,5,0.1,3,0.1,Bear
18,455,0,0,0,0,0,0,1.006962,1.065637,0.55,0.25,6,1,100,80,30,200,1000,3,400,200,5,0.1,3,0.1,Bear
18,460,0,0,0,0,0,0,1.006962,1.065637,0.55,0.25,6,1,100,80,30,200,1000,3,400,200,5,0.1,3,0.1,Bear
18,465,0,0,0,0,0,0,1.006962,1.065637,0.55,0.25,6,1,100,80,30,200,1000,3,400,200,5,0.1,3,0.1,Bear
18,470,0,0,0,0,0,0,1.006962,1.065637,0.55,0.25,6,1,100,80,30,200,1000,3,400,200,5,0.1,3,0.1,Bear
17,475,0,1,0,0,1,0,1.006628,1.076709,0.55,0.25,6,1,100,80,30,200,1000,3,400,200,5,0.1,3,0.1,Bear
17,480,0,0,0,0,0,0,1.006628,1.076709,0.55,0.25,6,1,100,80,30,200,1000,3,400,200,5,0.1,3,0.1,Bear
171,425,0,0,0,0,0,0,0,0,0,0,0,0,0,0,0,0,0,0,0,0,0,0,0,0,Grass
172,430,0,0,0,0,0,0,0,0,0,0,0,0,0,0,0,0,0,0,0,0,0,0,0,0,Grass
176,435,0,0,0,0,0,0,0,0,0,0,0,0,0,0,0,0,0,0,0,0,0,0,0,0,Grass
175,440,0,0,0,0,0,0,0,0,0,0,0,0,0,0,0,0,0,0,0,0,0,0,0,0,Grass
178,445,0,0,0,0,0,0,0,0,0,0,0,0,0,0,0,0,0,0,0,0,0,0,0,0,Grass
179,450,0,0,0,0,0,0,0,0,0,0,0,0,0,0,0,0,0,0,0,0,0,0,0,0,Grass
181,455,0,0,0,0,0,0,0,0,0,0,0,0,0,0,0,0,0,0,0,0,0,0,0,0,Grass
182,460,0,0,0,0,0,0,0,0,0,0,0,0,0,0,0,0,0,0,0,0,0,0,0,0,Grass
181,465,0,0,0,0,0,0,0,0,0,0,0,0,0,0,0,0,0,0,0,0,0,0,0,0,Grass
183,470,0,0,0,0,0,0,0,0,0,0,0,0,0,0,0,0,0,0,0,0,0,0,0,0,Grass
183,475,0,0,0,0,0,0,0,0,0,0,0,0,0,0,0,0,0,0,0,0,0,0,0,0,Grass
182,480,0,0,0,0,0,0,0,0,0,0,0,0,0,0,0,0,0,0,0,0,0,0,0,0,Grass
66,485,0,0,0,2,2,0,0.9490235,1.173068,0.5,0.3,3,1,48,39,30,87,525,3,200,200,5,0.1,3,0.1,Deer
64,490,1,0,1,0,2,0,0.9474642,1.175423,0.5,0.3,3,1,48,39,30,87,525,3,200,200,5,0.1,3,0.1,Deer
58,495,1,0,0,5,6,0,0.9322351,1.174477,0.5,0.3,3,1,48,39,30,87,525,3,200,200,5,0.1,3,0.1,Deer
60,500,0,0,0,2,2,4,0.9366392,1.163646,0.5,0.3,3,1,48,39,30,87,525,3,200,200,5,0.1,3,0.1,Deer
59,505,1,0,0,0,1,0,0.9380669,1.166933,0.5,0.3,3,1,48,39,30,87,525,3,200,200,5,0.1,3,0.1,Deer
58,510,0,0,0,1,1,0,0.9362158,1.157017,0.5,0.3,3,1,48,39,30,87,525,3,200,200,5,0.1,3,0.1,Deer
58,515,0,0,0,0,0,0,0.9362158,1.157017,0.5,0.3,3,1,48,39,30,87,525,3,200,200,5,0.1,3,0.1,Deer
56,520,0,0,2,0,2,0,0.9347891,1.164752,0.5,0.3,3,1,48,39,30,87,525,3,200,200,5,0.1,3,0.1,Deer
55,525,0,0,1,2,3,0,0.9374462,1.154718,0.5,0.3,3,1,48,39,30,87,525,3,200,200,5,0.1,3,0.1,Deer
52,530,0,0,0,1,1,0,0.9231864,1.162503,0.5,0.3,3,1,48,39,30,87,525,3,200,200,5,0.1,3,0.1,Deer
53,535,0,1,0,0,1,2,0.925724,1.161962,0.5,0.3,3,1,48,39,30,87,525,3,200,200,5,0.1,3,0.1,Deer
51,540,1,0,0,1,2,0,0.934165,1.15897,0.5,0.3,3,1,48,39,30,87,525,3,200,200,5,0.1,3,0.1,Deer
15,485,2,0,0,0,2,0,0.9988708,1.094719,0.55,0.25,6,1,100,80,30,200,1000,3,400,200,5,0.1,3,0.1,Bear
15,490,0,0,0,0,0,0,0.9988708,1.094719,0.55,0.25,6,1,100,80,30,200,1000,3,400,200,5,0.1,3,0.1,Bear
15,495,0,0,0,0,0,0,0.9988708,1.094719,0.55,0.25,6,1,100,80,30,200,1000,3,400,200,5,0.1,3,0.1,Bear
15,500,0,0,0,0,0,0,0.9988708,1.094719,0.55,0.25,6,1,100,80,30,200,1000,3,400,200,5,0.1,3,0.1,Bear
15,505,0,0,0,0,0,0,0.9988708,1.094719,0.55,0.25,6,1,100,80,30,200,1000,3,400,200,5,0.1,3,0.1,Bear
15,510,0,0,0,0,0,0,0.9988708,1.094719,0.55,0.25,6,1,100,80,30,200,1000,3,400,200,5,0.1,3,0.1,Bear
15,515,0,0,0,0,0,0,0.9988708,1.094719,0.55,0.25,6,1,100,80,30,200,1000,3,400,200,5,0.1,3,0.1,Bear
15,520,0,0,0,0,0,0,0.9988708,1.094719,0.55,0.25,6,1,100,80,30,200,1000,3,400,200,5,0.1,3,0.1,Bear
18,525,0,0,0,0,0,3,0.9549838,1.099345,0.55,0.25,6,1,100,80,30,200,1000,3,400,200,5,0.1,3,0.1,Bear
18,530,0,0,0,0,0,0,0.9549838,1.099345,0.55,0.25,6,1,100,80,30,200,1000,3,400,200,5,0.1,3,0.1,Bear
18,535,0,0,0,0,0,0,0.9549838,1.099345,0.55,0.25,6,1,100,80,30,200,1000,3,400,200,5,0.1,3,0.1,Bear
18,540,0,0,0,0,0,0,0.9549838,1.099345,0.55,0.25,6,1,100,80,30,200,1000,3,400,200,5,0.1,3,0.1,Bear
179,485,0,0,0,0,0,0,0,0,0,0,0,0,0,0,0,0,0,0,0,0,0,0,0,0,Grass
178,490,0,0,0,0,0,0,0,0,0,0,0,0,0,0,0,0,0,0,0,0,0,0,0,0,Grass
175,495,0,0,0,0,0,0,0,0,0,0,0,0,0,0,0,0,0,0,0,0,0,0,0,0,Grass
176,500,0,0,0,0,0,0,0,0,0,0,0,0,0,0,0,0,0,0,0,0,0,0,0,0,Grass
168,505,0,0,0,0,0,0,0,0,0,0,0,0,0,0,0,0,0,0,0,0,0,0,0,0,Grass
168,510,0,0,0,0,0,0,0,0,0,0,0,0,0,0,0,0,0,0,0,0,0,0,0,0,Grass
168,515,0,0,0,0,0,0,0,0,0,0,0,0,0,0,0,0,0,0,0,0,0,0,0,0,Grass
168,520,0,0,0,0,0,0,0,0,0,0,0,0,0,0,0,0,0,0,0,0,0,0,0,0,Grass
170,525,0,0,0,0,0,0,0,0,0,0,0,0,0,0,0,0,0,0,0,0,0,0,0,0,Grass
169,530,0,0,0,0,0,0,0,0,0,0,0,0,0,0,0,0,0,0,0,0,0,0,0,0,Grass
170,535,0,0,0,0,0,0,0,0,0,0,0,0,0,0,0,0,0,0,0,0,0,0,0,0,Grass
170,540,0,0,0,0,0,0,0,0,0,0,0,0,0,0,0,0,0,0,0,0,0,0,0,0,Grass
48,545,0,0,0,19,19,0,0.935114,1.149934,0.5,0.3,3,1,48,39,30,87,525,3,200,200,5,0.1,3,0.1,Deer
48,550,0,0,0,0,0,0,0.935114,1.149934,0.5,0.3,3,1,48,39,30,87,525,3,200,200,5,0.1,3,0.1,Deer
45,555,0,1,0,4,5,0,0.9277613,1.152214,0.5,0.3,3,1,48,39,30,87,525,3,200,200,5,0.1,3,0.1,Deer
47,560,0,0,0,1,1,3,0.9206518,1.15138,0.5,0.3,3,1,48,39,30,87,525,3,200,200,5,0.1,3,0.1,Deer
51,565,0,0,0,0,0,4,0.9159647,1.164096,0.5,0.3,3,1,48,39,30,87,525,3,200,200,5,0.1,3,0.1,Deer
51,570,0,1,0,0,1,0,0.9159647,1.164096,0.5,0.3,3,1,48,39,30,87,525,3,200,200,5,0.1,3,0.1,Deer
47,575,0,1,0,2,3,0,0.9061648,1.176457,0.5,0.3,3,1,48,39,30,87,525,3,200,200,5,0.1,3,0.1,Deer
47,580,0,0,0,2,2,0,0.9061648,1.176457,0.5,0.3,3,1,48,39,30,87,525,3,200,200,5,0.1,3,0.1,Deer
45,585,0,0,0,0,0,0,0.9101079,1.182932,0.5,0.3,3,1,48,39,30,87,525,3,200,200,5,0.1,3,0.1,Deer
44,590,0,0,0,1,1,0,0.9124428,1.174934,0.5,0.3,3,1,48,39,30,87,525,3,200,200,5,0.1,3,0.1,Deer
43,595,1,1,0,0,2,0,0.9135496,1.182605,0.5,0.3,3,1,48,39,30,87,525,3,200,200,5,0.1,3,0.1,Deer
42,600,0,0,0,0,0,0,0.9124151,1.177932,0.5,0.3,3,1,48,39,30,87,525,3,200,200,5,0.1,3,0.1,Deer
18,545,0,0,0,0,0,0,0.9549838,1.099345,0.55,0.25,6,1,100,80,30,200,1000,3,400,200,5,0.1,3,0.1,Bear
18,550,0,0,0,0,0,0,0.9549838,1.099345,0.55,0.25,6,1,100,80,30,200,1000,3,400,200,5,0.1,3,0.1,Bear
18,555,0,0,0,0,0,0,0.9549838,1.099345,0.55,0.25,6,1,100,80,30,200,1000,3,400,200,5,0.1,3,0.1,Bear
17,560,0,1,1,0,1,0,0.9562826,1.09398,0.55,0.25,6,1,100,80,30,200,1000,3,400,200,5,0.1,3,0.1,Bear
17,565,0,0,0,0,0,0,0.9562826,1.09398,0.55,0.25,6,1,100,80,30,200,1000,3,400,200,5,0.1,3,0.1,Bear
17,570,0,0,0,0,0,0,0.9562826,1.09398,0.55,0.25,6,1,100,80,30,200,1000,3,400,200,5,0.1,3,0.1,Bear
17,575,0,0,0,0,0,0,0.9562826,1.09398,0.55,0.25,6,1,100,80,30,200,1000,3,400,200,5,0.1,3,0.1,Bear
17,580,0,0,0,0,0,0,0.9562826,1.09398,0.55,0.25,6,1,100,80,30,200,1000,3,400,200,5,0.1,3,0.1,Bear
17,585,0,0,0,0,0,0,0.9562826,1.09398,0.55,0.25,6,1,100,80,30,200,1000,3,400,200,5,0.1,3,0.1,Bear
17,590,0,0,0,0,0,0,0.9562826,1.09398,0.55,0.25,6,1,100,80,30,200,1000,3,400,200,5,0.1,3,0.1,Bear
17,595,0,0,0,0,0,0,0.9562826,1.09398,0.55,0.25,6,1,100,80,30,200,1000,3,400,200,5,0.1,3,0.1,Bear
17,600,0,0,0,0,0,0,0.9562826,1.09398,0.55,0.25,6,1,100,80,30,200,1000,3,400,200,5,0.1,3,0.1,Bear
176,545,0,0,0,0,0,0,0,0,0,0,0,0,0,0,0,0,0,0,0,0,0,0,0,0,Grass
177,550,0,0,0,0,0,0,0,0,0,0,0,0,0,0,0,0,0,0,0,0,0,0,0,0,Grass
181,555,0,0,0,0,0,0,0,0,0,0,0,0,0,0,0,0,0,0,0,0,0,0,0,0,Grass
181,560,0,0,0,0,0,0,0,0,0,0,0,0,0,0,0,0,0,0,0,0,0,0,0,0,Grass
191,565,0,0,0,0,0,0,0,0,0,0,0,0,0,0,0,0,0,0,0,0,0,0,0,0,Grass
191,570,0,0,0,0,0,0,0,0,0,0,0,0,0,0,0,0,0,0,0,0,0,0,0,0,Grass
189,575,0,0,0,0,0,0,0,0,0,0,0,0,0,0,0,0,0,0,0,0,0,0,0,0,Grass
187,580,0,0,0,0,0,0,0,0,0,0,0,0,0,0,0,0,0,0,0,0,0,0,0,0,Grass
190,585,0,0,0,0,0,0,0,0,0,0,0,0,0,0,0,0,0,0,0,0,0,0,0,0,Grass
191,590,0,0,0,0,0,0,0,0,0,0,0,0,0,0,0,0,0,0,0,0,0,0,0,0,Grass
191,595,0,0,0,0,0,0,0,0,0,0,0,0,0,0,0,0,0,0,0,0,0,0,0,0,Grass
192,600,0,0,0,0,0,0,0,0,0,0,0,0,0,0,0,0,0,0,0,0,0,0,0,0,Grass
40,605,0,0,0,2,2,0,0.9003101,1.173733,0.5,0.3,3,1,48,39,30,87,525,3,200,200,5,0.1,3,0.1,Deer
36,610,1,1,1,1,4,0,0.889731,1.181543,0.5,0.3,3,1,48,39,30,87,525,3,200,200,5,0.1,3,0.1,Deer
35,615,0,0,0,2,2,0,0.8851638,1.18051,0.5,0.3,3,1,48,39,30,87,525,3,200,200,5,0.1,3,0.1,Deer
33,620,0,0,0,1,1,0,0.8791098,1.178968,0.5,0.3,3,1,48,39,30,87,525,3,200,200,5,0.1,3,0.1,Deer
31,625,0,2,0,1,3,0,0.8789495,1.179519,0.5,0.3,3,1,48,39,30,87,525,3,200,200,5,0.1,3,0.1,Deer
30,630,0,0,0,2,2,0,0.8735389,1.186215,0.5,0.3,3,1,48,39,30,87,525,3,200,200,5,0.1,3,0.1,Deer
28,635,0,0,0,1,1,0,0.8771747,1.18725,0.5,0.3,3,1,48,39,30,87,525,3,200,200,5,0.1,3,0.1,Deer
28,640,0,0,0,0,0,0,0.8771747,1.18725,0.5,0.3,3,1,48,39,30,87,525,3,200,200,5,0.1,3,0.1,Deer
24,645,0,0,0,6,6,0,0.8847034,1.200783,0.5,0.3,3,1,48,39,30,87,525,3,200,200,5,0.1,3,0.1,Deer
29,650,0,0,0,0,0,6,0.875369,1.252891,0.5,0.3,3,1,48,39,30,87,525,3,200,200,5,0.1,3,0.1,Deer
28,655,1,0,0,2,3,0,0.8761258,1.255064,0.5,0.3,3,1,48,39,30,87,525,3,200,200,5,0.1,3,0.1,Deer
23,660,0,0,0,3,3,0,0.8752344,1.278709,0.5,0.3,3,1,48,39,30,87,525,3,200,200,5,0.1,3,0.1,Deer
16,605,1,0,0,0,1,0,0.9633217,1.101091,0.55,0.25,6,1,100,80,30,200,1000,3,400,200,5,0.1,3,0.1,Bear
16,610,0,0,0,0,0,0,0.9633217,1.101091,0.55,0.25,6,1,100,80,30,200,1000,3,400,200,5,0.1,3,0.1,Bear
16,615,0,0,0,0,0,0,0.9633217,1.101091,0.55,0.25,6,1,100,80,30,200,1000,3,400,200,5,0.1,3,0.1,Bear
16,620,0,0,0,0,0,0,0.9633217,1.101091,0.55,0.25,6,1,100,80,30,200,1000,3,400,200,5,0.1,3,0.1,Bear
16,625,0,0,0,0,0,0,0.9633217,1.101091,0.55,0.25,6,1,100,80,30,200,1000,3,400,200,5,0.1,3,0.1,Bear
16,630,0,0,0,0,0,0,0.9633217,1.101091,0.55,0.25,6,1,100,80,30,200,1000,3,400,200,5,0.1,3,0.1,Bear
19,635,0,0,0,0,0,3,0.954807,1.11486,0.55,0.25,6,1,100,80,30,200,1000,3,400,200,5,0.1,3,0.1,Bear
19,640,0,0,0,0,0,0,0.954807,1.11486,0.55,0.25,6,1,100,80,30,200,1000,3,400,200,5,0.1,3,0.1,Bear
19,645,0,0,0,0,0,0,0.954807,1.11486,0.55,0.25,6,1,100,80,30,200,1000,3,400,200,5,0.1,3,0.1,Bear
19,650,0,0,0,0,0,0,0.954807,1.11486,0.55,0.25,6,1,100,80,30,200,1000,3,400,200,5,0.1,3,0.1,Bear
19,655,0,0,0,0,0,0,0.954807,1.11486,0.55,0.25,6,1,100,80,30,200,1000,3,400,200,5,0.1,3,0.1,Bear
19,660,0,0,0,0,0,0,0.954807,1.11486,0.55,0.25,6,1,100,80,30,200,1000,3,400,200,5,0.1,3,0.1,Bear
188,605,0,0,0,0,0,0,0,0,0,0,0,0,0,0,0,0,0,0,0,0,0,0,0,0,Grass
186,610,0,0,0,0,0,0,0,0,0,0,0,0,0,0,0,0,0,0,0,0,0,0,0,0,Grass
183,615,0,0,0,0,0,0,0,0,0,0,0,0,0,0,0,0,0,0,0,0,0,0,0,0,Grass
183,620,0,0,0,0,0,0,0,0,0,0,0,0,0,0,0,0,0,0,0,0,0,0,0,0,Grass
181,625,0,0,0,0,0,0,0,0,0,0,0,0,0,0,0,0,0,0,0,0,0,0,0,0,Grass
180,630,0,0,0,0,0,0,0,0,0,0,0,0,0,0,0,0,0,0,0,0,0,0,0,0,Grass
183,635,0,0,0,0,0,0,0,0,0,0,0,0,0,0,0,0,0,0,0,0,0,0,0,0,Grass
185,640,0,0,0,0,0,0,0,0,0,0,0,0,0,0,0,0,0,0,0,0,0,0,0,0,Grass
180,645,0,0,0,0,0,0,0,0,0,0,0,0,0,0,0,0,0,0,0,0,0,0,0,0,Grass
180,650,0,0,0,0,0,0,0,0,0,0,0,0,0,0,0,0,0,0,0,0,0,0,0,0,Grass
181,655,0,0,0,0,0,0,0,0,0,0,0,0,0,0,0,0,0,0,0,0,0,0,0,0,Grass
181,660,0,0,0,0,0,0,0,0,0,0,0,0,0,0,0,0,0,0,0,0,0,0,0,0,Grass
31,665,0,0,1,0,1,8,0.8561431,1.346433,0.5,0.3,3,1,48,39,30,87,525,3,200,200,5,0.1,3,0.1,Deer
30,670,0,0,0,1,1,0,0.858314,1.354948,0.5,0.3,3,1,48,39,30,87,525,3,200,200,5,0.1,3,0.1,Deer
28,675,0,0,0,2,2,0,0.86606,1.347857,0.5,0.3,3,1,48,39,30,87,525,3,200,200,5,0.1,3,0.1,Deer
26,680,1,0,0,0,1,0,0.8570689,1.353498,0.5,0.3,3,1,48,39,30,87,525,3,200,200,5,0.1,3,0.1,Deer
25,685,0,0,0,1,1,0,0.8657602,1.368811,0.5,0.3,3,1,48,39,30,87,525,3,200,200,5,0.1,3,0.1,Deer
24,690,0,0,0,1,1,0,0.8482127,1.368614,0.5,0.3,3,1,48,39,30,87,525,3,200,200,5,0.1,3,0.1,Deer
23,695,0,0,1,1,2,1,0.8020802,1.367843,0.5,0.3,3,1,48,39,30,87,525,3,200,200,5,0.1,3,0.1,Deer
21,700,0,0,0,2,2,0,0.8050261,1.366649,0.5,0.3,3,1,48,39,30,87,525,3,200,200,5,0.1,3,0.1,Deer
21,705,0,0,0,0,0,0,0.8050261,1.366649,0.5,0.3,3,1,48,39,30,87,525,3,200,200,5,0.1,3,0.1,Deer
21,710,0,0,0,0,0,0,0.8050261,1.366649,0.5,0.3,3,1,48,39,30,87,525,3,200,200,5,0.1,3,0.1,Deer
20,715,0,0,1,0,1,0,0.8143991,1.3936,0.5,0.3,3,1,48,39,30,87,525,3,200,200,5,0.1,3,0.1,Deer
19,720,0,0,0,2,2,0,0.8012712,1.398631,0.5,0.3,3,1,48,39,30,87,525,3,200,200,5,0.1,3,0.1,Deer
18,665,0,1,0,0,1,0,0.9634829,1.130667,0.55,0.25,6,1,100,80,30,200,1000,3,400,200,5,0.1,3,0.1,Bear
18,670,0,0,0,0,0,0,0.9634829,1.130667,0.55,0.25,6,1,100,80,30,200,1000,3,400,200,5,0.1,3,0.1,Bear
18,675,0,0,0,0,0,0,0.9634829,1.130667,0.55,0.25,6,1,100,80,30,200,1000,3,400,200,5,0.1,3,0.1,Bear
18,680,0,0,0,0,0,0,0.9634829,1.130667,0.55,0.25,6,1,100,80,30,200,1000,3,400,200,5,0.1,3,0.1,Bear
18,685,0,0,0,0,0,0,0.9634829,1.130667,0.55,0.25,6,1,100,80,30,200,1000,3,400,200,5,0.1,3,0.1,Bear
18,690,0,0,0,0,0,0,0.9634829,1.130667,0.55,0.25,6,1,100,80,30,200,1000,3,400,200,5,0.1,3,0.1,Bear
18,695,0,0,0,0,0,0,0.9634829,1.130667,0.55,0.25,6,1,100,80,30,200,1000,3,400,200,5,0.1,3,0.1,Bear
18,700,0,0,0,0,0,0,0.9634829,1.130667,0.55,0.25,6,1,100,80,30,200,1000,3,400,200,5,0.1,3,0.1,Bear
18,705,0,0,0,0,0,0,0.9634829,1.130667,0.55,0.25,6,1,100,80,30,200,1000,3,400,200,5,0.1,3,0.1,Bear
18,710,0,0,0,0,0,0,0.9634829,1.130667,0.55,0.25,6,1,100,80,30,200,1000,3,400,200,5,0.1,3,0.1,Bear
18,715,0,0,0,0,0,0,0.9634829,1.130667,0.55,0.25,6,1,100,80,30,200,1000,3,400,200,5,0.1,3,0.1,Bear
24,720,0,0,0,0,0,6,0.9825496,1.118064,0.55,0.25,6,1,100,80,30,200,1000,3,400,200,5,0.1,3,0.1,Bear
182,665,0,0,0,0,0,0,0,0,0,0,0,0,0,0,0,0,0,0,0,0,0,0,0,0,Grass
184,670,0,0,0,0,0,0,0,0,0,0,0,0,0,0,0,0,0,0,0,0,0,0,0,0,Grass
182,675,0,0,0,0,0,0,0,0,0,0,0,0,0,0,0,0,0,0,0,0,0,0,0,0,Grass
182,680,0,0,0,0,0,0,0,0,0,0,0,0,0,0,0,0,0,0,0,0,0,0,0,0,Grass
183,685,0,0,0,0,0,0,0,0,0,0,0,0,0,0,0,0,0,0,0,0,0,0,0,0,Grass
184,690,0,0,0,0,0,0,0,0,0,0,0,0,0,0,0,0,0,0,0,0,0,0,0,0,Grass
186,695,0,0,0,0,0,0,0,0,0,0,0,0,0,0,0,0,0,0,0,0,0,0,0,0,Grass
186,700,0,0,0,0,0,0,0,0,0,0,0,0,0,0,0,0,0,0,0,0,0,0,0,0,Grass
191,705,0,0,0,0,0,0,0,0,0,0,0,0,0,0,0,0,0,0,0,0,0,0,0,0,Grass
191,710,0,0,0,0,0,0,0,0,0,0,0,0,0,0,0,0,0,0,0,0,0,0,0,0,Grass
191,715,0,0,0,0,0,0,0,0,0,0,0,0,0,0,0,0,0,0,0,0,0,0,0,0,Grass
191,720,0,0,0,0,0,0,0,0,0,0,0,0,0,0,0,0,0,0,0,0,0,0,0,0,Grass
16,725,0,0,0,7,7,0,0.8010254,1.390526,0.5,0.3,3,1,48,39,30,87,525,3,200,200,5,0.1,3,0.1,Deer
15,730,0,0,0,1,1,0,0.8048994,1.395629,0.5,0.3,3,1,48,39,30,87,525,3,200,200,5,0.1,3,0.1,Deer
14,735,0,0,1,1,2,0,0.8031609,1.383468,0.5,0.3,3,1,48,39,30,87,525,3,200,200,5,0.1,3,0.1,Deer
13,740,0,0,0,0,0,0,0.8043383,1.415251,0.5,0.3,3,1,48,39,30,87,525,3,200,200,5,0.1,3,0.1,Deer
12,745,0,0,0,2,2,0,0.8093647,1.435448,0.5,0.3,3,1,48,39,30,87,525,3,200,200,5,0.1,3,0.1,Deer
11,750,0,0,0,1,1,0,0.8260842,1.399811,0.5,0.3,3,1,48,39,30,87,525,3,200,200,5,0.1,3,0.1,Deer
11,755,0,0,0,0,0,0,0.8260842,1.399811,0.5,0.3,3,1,48,39,30,87,525,3,200,200,5,0.1,3,0.1,Deer
10,760,0,0,0,1,1,0,0.8001519,1.426075,0.5,0.3,3,1,48,39,30,87,525,3,200,200,5,0.1,3,0.1,Deer
9,765,0,0,0,2,2,0,0.80323,1.410903,0.5,0.3,3,1,48,39,30,87,525,3,200,200,5,0.1,3,0.1,Deer
8,770,0,0,0,0,0,0,0.8170489,1.410619,0.5,0.3,3,1,48,39,30,87,525,3,200,200,5,0.1,3,0.1,Deer
6,775,0,0,0,3,3,0,0.7624984,1.373054,0.5,0.3,3,1,48,39,30,87,525,3,200,200,5,0.1,3,0.1,Deer
4,780,0,0,0,4,4,0,0.6880428,1.2828,0.5,0.3,3,1,48,39,30,87,525,3,200,200,5,0.1,3,0.1,Deer
24,725,0,0,0,0,0,0,0.9825496,1.118064,0.55,0.25,6,1,100,80,30,200,1000,3,400,200,5,0.1,3,0.1,Bear
24,730,0,0,0,0,0,0,0.9825496,1.118064,0.55,0.25,6,1,100,80,30,200,1000,3,400,200,5,0.1,3,0.1,Bear
24,735,0,0,0,0,0,0,0.9825496,1.118064,0.55,0.25,6,1,100,80,30,200,1000,3,400,200,5,0.1,3,0.1,Bear
24,740,0,0,0,0,0,0,0.9825496,1.118064,0.55,0.25,6,1,100,80,30,200,1000,3,400,200,5,0.1,3,0.1,Bear
24,745,0,0,0,0,0,0,0.9825496,1.118064,0.55,0.25,6,1,100,80,30,200,1000,3,400,200,5,0.1,3,0.1,Bear
24,750,0,0,0,0,0,0,0.9825496,1.118064,0.55,0.25,6,1,100,80,30,200,1000,3,400,200,5,0.1,3,0.1,Bear
24,755,0,0,0,0,0,0,0.9825496,1.118064,0.55,0.25,6,1,100,80,30,200,1000,3,400,200,5,0.1,3,0.1,Bear
24,760,0,0,0,0,0,0,0.9825496,1.118064,0.55,0.25,6,1,100,80,30,200,1000,3,400,200,5,0.1,3,0.1,Bear
25,765,0,0,0,0,0,1,0.9960828,1.138885,0.55,0.25,6,1,100,80,30,200,1000,3,400,200,5,0.1,3,0.1,Bear
25,770,0,0,0,0,0,0,0.9960828,1.138885,0.55,0.25,6,1,100,80,30,200,1000,3,400,200,5,0.1,3,0.1,Bear
25,775,0,0,0,0,0,0,0.9960828,1.138885,0.55,0.25,6,1,100,80,30,200,1000,3,400,200,5,0.1,3,0.1,Bear
25,780,0,0,0,0,0,0,0.9960828,1.138885,0.55,0.25,6,1,100,80,30,200,1000,3,400,200,5,0.1,3,0.1,Bear
192,725,0,0,0,0,0,0,0,0,0,0,0,0,0,0,0,0,0,0,0,0,0,0,0,0,Grass
192,730,0,0,0,0,0,0,0,0,0,0,0,0,0,0,0,0,0,0,0,0,0,0,0,0,Grass
195,735,0,0,0,0,0,0,0,0,0,0,0,0,0,0,0,0,0,0,0,0,0,0,0,0,Grass
195,740,0,0,0,0,0,0,0,0,0,0,0,0,0,0,0,0,0,0,0,0,0,0,0,0,Grass
196,745,0,0,0,0,0,0,0,0,0,0,0,0,0,0,0,0,0,0,0,0,0,0,0,0,Grass
196,750,0,0,0,0,0,0,0,0,0,0,0,0,0,0,0,0,0,0,0,0,0,0,0,0,Grass
195,755,0,0,0,0,0,0,0,0,0,0,0,0,0,0,0,0,0,0,0,0,0,0,0,0,Grass
195,760,0,0,0,0,0,0,0,0,0,0,0,0,0,0,0,0,0,0,0,0,0,0,0,0,Grass
194,765,0,0,0,0,0,0,0,0,0,0,0,0,0,0,0,0,0,0,0,0,0,0,0,0,Grass
194,770,0,0,0,0,0,0,0,0,0,0,0,0,0,0,0,0,0,0,0,0,0,0,0,0,Grass
193,775,0,0,0,0,0,0,0,0,0,0,0,0,0,0,0,0,0,0,0,0,0,0,0,0,Grass
193,780,0,0,0,0,0,0,0,0,0,0,0,0,0,0,0,0,0,0,0,0,0,0,0,0,Grass
2,785,0,0,0,2,2,0,0.6119233,1.423738,0.5,0.3,3,1,48,39,30,87,525,3,200,200,5,0.1,3,0.1,Deer
1,790,0,0,0,1,1,0,0.6705301,1.115911,0.5,0.3,3,1,48,39,30,87,525,3,200,200,5,0.1,3,0.1,Deer
0,795,0,0,0,1,1,0,0,0,0,0,0,0,0,0,0,0,0,0,0,0,0,0,0,0,Deer
0,800,0,0,0,0,0,0,0,0,0,0,0,0,0,0,0,0,0,0,0,0,0,0,0,0,Deer
0,805,0,0,0,0,0,0,0,0,0,0,0,0,0,0,0,0,0,0,0,0,0,0,0,0,Deer
0,810,0,0,0,0,0,0,0,0,0,0,0,0,0,0,0,0,0,0,0,0,0,0,0,0,Deer
0,815,0,0,0,0,0,0,0,0,0,0,0,0,0,0,0,0,0,0,0,0,0,0,0,0,Deer
0,820,0,0,0,0,0,0,0,0,0,0,0,0,0,0,0,0,0,0,0,0,0,0,0,0,Deer
0,825,0,0,0,0,0,0,0,0,0,0,0,0,0,0,0,0,0,0,0,0,0,0,0,0,Deer
0,830,0,0,0,0,0,0,0,0,0,0,0,0,0,0,0,0,0,0,0,0,0,0,0,0,Deer
0,835,0,0,0,0,0,0,0,0,0,0,0,0,0,0,0,0,0,0,0,0,0,0,0,0,Deer
0,840,0,0,0,0,0,0,0,0,0,0,0,0,0,0,0,0,0,0,0,0,0,0,0,0,Deer
24,785,1,0,0,0,1,0,1.004349,1.142477,0.55,0.25,6,1,100,80,30,200,1000,3,400,200,5,0.1,3,0.1,Bear
24,790,0,0,0,0,0,0,1.004349,1.142477,0.55,0.25,6,1,100,80,30,200,1000,3,400,200,5,0.1,3,0.1,Bear
24,795,0,0,0,0,0,0,1.004349,1.142477,0.55,0.25,6,1,100,80,30,200,1000,3,400,200,5,0.1,3,0.1,Bear
24,800,0,0,0,0,0,0,1.004349,1.142477,0.55,0.25,6,1,100,80,30,200,1000,3,400,200,5,0.1,3,0.1,Bear
24,805,0,0,0,0,0,0,1.004349,1.142477,0.55,0.25,6,1,100,80,30,200,1000,3,400,200,5,0.1,3,0.1,Bear
23,810,1,0,0,0,1,0,1.003736,1.15327,0.55,0.25,6,1,100,80,30,200,1000,3,400,200,5,0.1,3,0.1,Bear
23,815,0,0,0,0,0,0,1.003736,1.15327,0.55,0.25,6,1,100,80,30,200,1000,3,400,200,5,0.1,3,0.1,Bear
23,820,0,0,0,0,0,0,1.003736,1.15327,0.55,0.25,6,1,100,80,30,200,1000,3,400,200,5,0.1,3,0.1,Bear
23,825,0,0,0,0,0,0,1.003736,1.15327,0.55,0.25,6,1,100,80,30,200,1000,3,400,200,5,0.1,3,0.1,Bear
27,830,0,0,0,0,0,4,0.9654689,1.16795,0.55,0.25,6,1,100,80,30,200,1000,3,400,200,5,0.1,3,0.1,Bear
27,835,0,0,0,0,0,0,0.9654689,1.16795,0.55,0.25,6,1,100,80,30,200,1000,3,400,200,5,0.1,3,0.1,Bear
28,840,2,0,0,0,2,3,0.9619406,1.182329,0.55,0.25,6,1,100,80,30,200,1000,3,400,200,5,0.1,3,0.1,Bear
195,785,0,0,0,0,0,0,0,0,0,0,0,0,0,0,0,0,0,0,0,0,0,0,0,0,Grass
195,790,0,0,0,0,0,0,0,0,0,0,0,0,0,0,0,0,0,0,0,0,0,0,0,0,Grass
197,795,0,0,0,0,0,0,0,0,0,0,0,0,0,0,0,0,0,0,0,0,0,0,0,0,Grass
197,800,0,0,0,0,0,0,0,0,0,0,0,0,0,0,0,0,0,0,0,0,0,0,0,0,Grass
197,805,0,0,0,0,0,0,0,0,0,0,0,0,0,0,0,0,0,0,0,0,0,0,0,0,Grass
197,810,0,0,0,0,0,0,0,0,0,0,0,0,0,0,0,0,0,0,0,0,0,0,0,0,Grass
198,815,0,0,0,0,0,0,0,0,0,0,0,0,0,0,0,0,0,0,0,0,0,0,0,0,Grass
198,820,0,0,0,0,0,0,0,0,0,0,0,0,0,0,0,0,0,0,0,0,0,0,0,0,Grass
199,825,0,0,0,0,0,0,0,0,0,0,0,0,0,0,0,0,0,0,0,0,0,0,0,0,Grass
199,830,0,0,0,0,0,0,0,0,0,0,0,0,0,0,0,0,0,0,0,0,0,0,0,0,Grass
200,835,0,0,0,0,0,0,0,0,0,0,0,0,0,0,0,0,0,0,0,0,0,0,0,0,Grass
200,840,0,0,0,0,0,0,0,0,0,0,0,0,0,0,0,0,0,0,0,0,0,0,0,0,Grass
0,845,0,0,0,0,0,0,0,0,0,0,0,0,0,0,0,0,0,0,0,0,0,0,0,0,Deer
0,850,0,0,0,0,0,0,0,0,0,0,0,0,0,0,0,0,0,0,0,0,0,0,0,0,Deer
0,855,0,0,0,0,0,0,0,0,0,0,0,0,0,0,0,0,0,0,0,0,0,0,0,0,Deer
0,860,0,0,0,0,0,0,0,0,0,0,0,0,0,0,0,0,0,0,0,0,0,0,0,0,Deer
0,865,0,0,0,0,0,0,0,0,0,0,0,0,0,0,0,0,0,0,0,0,0,0,0,0,Deer
0,870,0,0,0,0,0,0,0,0,0,0,0,0,0,0,0,0,0,0,0,0,0,0,0,0,Deer
0,875,0,0,0,0,0,0,0,0,0,0,0,0,0,0,0,0,0,0,0,0,0,0,0,0,Deer
0,880,0,0,0,0,0,0,0,0,0,0,0,0,0,0,0,0,0,0,0,0,0,0,0,0,Deer
0,885,0,0,0,0,0,0,0,0,0,0,0,0,0,0,0,0,0,0,0,0,0,0,0,0,Deer
0,890,0,0,0,0,0,0,0,0,0,0,0,0,0,0,0,0,0,0,0,0,0,0,0,0,Deer
0,895,0,0,0,0,0,0,0,0,0,0,0,0,0,0,0,0,0,0,0,0,0,0,0,0,Deer
0,900,0,0,0,0,0,0,0,0,0,0,0,0,0,0,0,0,0,0,0,0,0,0,0,0,Deer
26,845,1,1,0,0,2,0,0.9623582,1.186397,0.55,0.25,6,1,100,80,30,200,1000,3,400,200,5,0.1,3,0.1,Bear
26,850,0,0,0,0,0,0,0.9623582,1.186397,0.55,0.25,6,1,100,80,30,200,1000,3,400,200,5,0.1,3,0.1,Bear
26,855,0,0,0,0,0,0,0.9623582,1.186397,0.55,0.25,6,1,100,80,30,200,1000,3,400,200,5,0.1,3,0.1,Bear
25,860,1,0,0,0,1,0,0.9724813,1.181722,0.55,0.25,6,1,100,80,30,200,1000,3,400,200,5,0.1,3,0.1,Bear
25,865,0,0,0,0,0,0,0.9724813,1.181722,0.55,0.25,6,1,100,80,30,200,1000,3,400,200,5,0.1,3,0.1,Bear
25,870,0,0,0,0,0,0,0.9724813,1.181722,0.55,0.25,6,1,100,80,30,200,1000,3,400,200,5,0.1,3,0.1,Bear
24,875,1,0,0,0,1,0,0.9690106,1.179224,0.55,0.25,6,1,100,80,30,200,1000,3,400,200,5,0.1,3,0.1,Bear
24,880,0,0,0,0,0,0,0.9690106,1.179224,0.55,0.25,6,1,100,80,30,200,1000,3,400,200,5,0.1,3,0.1,Bear
24,885,0,0,0,0,0,0,0.9690106,1.179224,0.55,0.25,6,1,100,80,30,200,1000,3,400,200,5,0.1,3,0.1,Bear
24,890,0,0,0,0,0,0,0.9690106,1.179224,0.55,0.25,6,1,100,80,30,200,1000,3,400,200,5,0.1,3,0.1,Bear
24,895,0,0,0,0,0,0,0.9690106,1.179224,0.55,0.25,6,1,100,80,30,200,1000,3,400,200,5,0.1,3,0.1,Bear
24,900,0,0,0,0,0,0,0.9690106,1.179224,0.55,0.25,6,1,100,80,30,200,1000,3,400,200,5,0.1,3,0.1,Bear
200,845,0,0,0,0,0,0,0,0,0,0,0,0,0,0,0,0,0,0,0,0,0,0,0,0,Grass
200,850,0,0,0,0,0,0,0,0,0,0,0,0,0,0,0,0,0,0,0,0,0,0,0,0,Grass
200,855,0,0,0,0,0,0,0,0,0,0,0,0,0,0,0,0,0,0,0,0,0,0,0,0,Grass
200,860,0,0,0,0,0,0,0,0,0,0,0,0,0,0,0,0,0,0,0,0,0,0,0,0,Grass
200,865,0,0,0,0,0,0,0,0,0,0,0,0,0,0,0,0,0,0,0,0,0,0,0,0,Grass
200,870,0,0,0,0,0,0,0,0,0,0,0,0,0,0,0,0,0,0,0,0,0,0,0,0,Grass
200,875,0,0,0,0,0,0,0,0,0,0,0,0,0,0,0,0,0,0,0,0,0,0,0,0,Grass
200,880,0,0,0,0,0,0,0,0,0,0,0,0,0,0,0,0,0,0,0,0,0,0,0,0,Grass
200,885,0,0,0,0,0,0,0,0,0,0,0,0,0,0,0,0,0,0,0,0,0,0,0,0,Grass
200,890,0,0,0,0,0,0,0,0,0,0,0,0,0,0,0,0,0,0,0,0,0,0,0,0,Grass
200,895,0,0,0,0,0,0,0,0,0,0,0,0,0,0,0,0,0,0,0,0,0,0,0,0,Grass
200,900,0,0,0,0,0,0,0,0,0,0,0,0,0,0,0,0,0,0,0,0,0,0,0,0,Grass
0,905,0,0,0,0,0,0,0,0,0,0,0,0,0,0,0,0,0,0,0,0,0,0,0,0,Deer
0,910,0,0,0,0,0,0,0,0,0,0,0,0,0,0,0,0,0,0,0,0,0,0,0,0,Deer
0,915,0,0,0,0,0,0,0,0,0,0,0,0,0,0,0,0,0,0,0,0,0,0,0,0,Deer
0,920,0,0,0,0,0,0,0,0,0,0,0,0,0,0,0,0,0,0,0,0,0,0,0,0,Deer
0,925,0,0,0,0,0,0,0,0,0,0,0,0,0,0,0,0,0,0,0,0,0,0,0,0,Deer
0,930,0,0,0,0,0,0,0,0,0,0,0,0,0,0,0,0,0,0,0,0,0,0,0,0,Deer
0,935,0,0,0,0,0,0,0,0,0,0,0,0,0,0,0,0,0,0,0,0,0,0,0,0,Deer
0,940,0,0,0,0,0,0,0,0,0,0,0,0,0,0,0,0,0,0,0,0,0,0,0,0,Deer
0,945,0,0,0,0,0,0,0,0,0,0,0,0,0,0,0,0,0,0,0,0,0,0,0,0,Deer
0,950,0,0,0,0,0,0,0,0,0,0,0,0,0,0,0,0,0,0,0,0,0,0,0,0,Deer
0,955,0,0,0,0,0,0,0,0,0,0,0,0,0,0,0,0,0,0,0,0,0,0,0,0,Deer
0,960,0,0,0,0,0,0,0,0,0,0,0,0,0,0,0,0,0,0,0,0,0,0,0,0,Deer
24,905,0,0,0,0,0,0,0.9690106,1.179224,0.55,0.25,6,1,100,80,30,200,1000,3,400,200,5,0.1,3,0.1,Bear
24,910,0,0,0,0,0,0,0.9690106,1.179224,0.55,0.25,6,1,100,80,30,200,1000,3,400,200,5,0.1,3,0.1,Bear
23,915,0,1,0,0,1,0,0.9670129,1.194631,0.55,0.25,6,1,100,80,30,200,1000,3,400,200,5,0.1,3,0.1,Bear
23,920,0,0,0,0,0,0,0.9670129,1.194631,0.55,0.25,6,1,100,80,30,200,1000,3,400,200,5,0.1,3,0.1,Bear
23,925,0,1,0,0,1,0,0.9670129,1.194631,0.55,0.25,6,1,100,80,30,200,1000,3,400,200,5,0.1,3,0.1,Bear
21,930,0,1,0,0,1,0,0.9580295,1.227148,0.55,0.25,6,1,100,80,30,200,1000,3,400,200,5,0.1,3,0.1,Bear
21,935,0,0,0,0,0,0,0.9580295,1.227148,0.55,0.25,6,1,100,80,30,200,1000,3,400,200,5,0.1,3,0.1,Bear
21,940,0,1,0,0,1,0,0.9580295,1.227148,0.55,0.25,6,1,100,80,30,200,1000,3,400,200,5,0.1,3,0.1,Bear
20,945,0,0,0,0,0,0,0.9749178,1.234921,0.55,0.25,6,1,100,80,30,200,1000,3,400,200,5,0.1,3,0.1,Bear
20,950,0,0,0,0,0,0,0.9749178,1.234921,0.55,0.25,6,1,100,80,30,200,1000,3,400,200,5,0.1,3,0.1,Bear
19,955,0,1,0,0,1,0,0.9882714,1.251416,0.55,0.25,6,1,100,80,30,200,1000,3,400,200,5,0.1,3,0.1,Bear
18,960,0,1,0,0,1,0,0.9778508,1.272145,0.55,0.25,6,1,100,80,30,200,1000,3,400,200,5,0.1,3,0.1,Bear
200,905,0,0,0,0,0,0,0,0,0,0,0,0,0,0,0,0,0,0,0,0,0,0,0,0,Grass
200,910,0,0,0,0,0,0,0,0,0,0,0,0,0,0,0,0,0,0,0,0,0,0,0,0,Grass
200,915,0,0,0,0,0,0,0,0,0,0,0,0,0,0,0,0,0,0,0,0,0,0,0,0,Grass
200,920,0,0,0,0,0,0,0,0,0,0,0,0,0,0,0,0,0,0,0,0,0,0,0,0,Grass
200,925,0,0,0,0,0,0,0,0,0,0,0,0,0,0,0,0,0,0,0,0,0,0,0,0,Grass
200,930,0,0,0,0,0,0,0,0,0,0,0,0,0,0,0,0,0,0,0,0,0,0,0,0,Grass
200,935,0,0,0,0,0,0,0,0,0,0,0,0,0,0,0,0,0,0,0,0,0,0,0,0,Grass
200,940,0,0,0,0,0,0,0,0,0,0,0,0,0,0,0,0,0,0,0,0,0,0,0,0,Grass
200,945,0,0,0,0,0,0,0,0,0,0,0,0,0,0,0,0,0,0,0,0,0,0,0,0,Grass
200,950,0,0,0,0,0,0,0,0,0,0,0,0,0,0,0,0,0,0,0,0,0,0,0,0,Grass
200,955,0,0,0,0,0,0,0,0,0,0,0,0,0,0,0,0,0,0,0,0,0,0,0,0,Grass
200,960,0,0,0,0,0,0,0,0,0,0,0,0,0,0,0,0,0,0,0,0,0,0,0,0,Grass
0,965,0,0,0,0,0,0,0,0,0,0,0,0,0,0,0,0,0,0,0,0,0,0,0,0,Deer
0,970,0,0,0,0,0,0,0,0,0,0,0,0,0,0,0,0,0,0,0,0,0,0,0,0,Deer
0,975,0,0,0,0,0,0,0,0,0,0,0,0,0,0,0,0,0,0,0,0,0,0,0,0,Deer
0,980,0,0,0,0,0,0,0,0,0,0,0,0,0,0,0,0,0,0,0,0,0,0,0,0,Deer
0,985,0,0,0,0,0,0,0,0,0,0,0,0,0,0,0,0,0,0,0,0,0,0,0,0,Deer
0,990,0,0,0,0,0,0,0,0,0,0,0,0,0,0,0,0,0,0,0,0,0,0,0,0,Deer
0,995,0,0,0,0,0,0,0,0,0,0,0,0,0,0,0,0,0,0,0,0,0,0,0,0,Deer
0,1000,0,0,0,0,0,0,0,0,0,0,0,0,0,0,0,0,0,0,0,0,0,0,0,0,Deer
0,1005,0,0,0,0,0,0,0,0,0,0,0,0,0,0,0,0,0,0,0,0,0,0,0,0,Deer
0,1010,0,0,0,0,0,0,0,0,0,0,0,0,0,0,0,0,0,0,0,0,0,0,0,0,Deer
0,1015,0,0,0,0,0,0,0,0,0,0,0,0,0,0,0,0,0,0,0,0,0,0,0,0,Deer
0,1020,0,0,0,0,0,0,0,0,0,0,0,0,0,0,0,0,0,0,0,0,0,0,0,0,Deer
17,965,1,0,0,0,1,0,0.9881564,1.277151,0.55,0.25,6,1,100,80,30,200,1000,3,400,200,5,0.1,3,0.1,Bear
17,970,0,0,0,0,0,0,0.9881564,1.277151,0.55,0.25,6,1,100,80,30,200,1000,3,400,200,5,0.1,3,0.1,Bear
17,975,0,0,0,0,0,0,0.9881564,1.277151,0.55,0.25,6,1,100,80,30,200,1000,3,400,200,5,0.1,3,0.1,Bear
16,980,0,1,0,0,1,0,0.9883546,1.3083,0.55,0.25,6,1,100,80,30,200,1000,3,400,200,5,0.1,3,0.1,Bear
16,985,1,0,0,0,1,0,0.9883546,1.3083,0.55,0.25,6,1,100,80,30,200,1000,3,400,200,5,0.1,3,0.1,Bear
15,990,0,0,0,0,0,0,0.9654078,1.308935,0.55,0.25,6,1,100,80,30,200,1000,3,400,200,5,0.1,3,0.1,Bear
15,995,0,0,0,0,0,0,0.9654078,1.308935,0.55,0.25,6,1,100,80,30,200,1000,3,400,200,5,0.1,3,0.1,Bear
15,1000,0,0,0,0,0,0,0.9654078,1.308935,0.55,0.25,6,1,100,80,30,200,1000,3,400,200,5,0.1,3,0.1,Bear
15,1005,0,0,0,0,0,0,0.9654078,1.308935,0.55,0.25,6,1,100,80,30,200,1000,3,400,200,5,0.1,3,0.1,Bear
15,1010,0,0,0,0,0,0,0.9654078,1.308935,0.55,0.25,6,1,100,80,30,200,1000,3,400,200,5,0.1,3,0.1,Bear
15,1015,0,0,0,0,0,0,0.9654078,1.308935,0.55,0.25,6,1,100,80,30,200,1000,3,400,200,5,0.1,3,0.1,Bear
15,1020,0,0,0,0,0,0,0.9654078,1.308935,0.55,0.25,6,1,100,80,30,200,1000,3,400,200,5,0.1,3,0.1,Bear
200,965,0,0,0,0,0,0,0,0,0,0,0,0,0,0,0,0,0,0,0,0,0,0,0,0,Grass
200,970,0,0,0,0,0,0,0,0,0,0,0,0,0,0,0,0,0,0,0,0,0,0,0,0,Grass
200,975,0,0,0,0,0,0,0,0,0,0,0,0,0,0,0,0,0,0,0,0,0,0,0,0,Grass
200,980,0,0,0,0,0,0,0,0,0,0,0,0,0,0,0,0,0,0,0,0,0,0,0,0,Grass
200,985,0,0,0,0,0,0,0,0,0,0,0,0,0,0,0,0,0,0,0,0,0,0,0,0,Grass
200,990,0,0,0,0,0,0,0,0,0,0,0,0,0,0,0,0,0,0,0,0,0,0,0,0,Grass
200,995,0,0,0,0,0,0,0,0,0,0,0,0,0,0,0,0,0,0,0,0,0,0,0,0,Grass
200,1000,0,0,0,0,0,0,0,0,0,0,0,0,0,0,0,0,0,0,0,0,0,0,0,0,Grass
200,1005,0,0,0,0,0,0,0,0,0,0,0,0,0,0,0,0,0,0,0,0,0,0,0,0,Grass
200,1010,0,0,0,0,0,0,0,0,0,0,0,0,0,0,0,0,0,0,0,0,0,0,0,0,Grass
200,1015,0,0,0,0,0,0,0,0,0,0,0,0,0,0,0,0,0,0,0,0,0,0,0,0,Grass
200,1020,0,0,0,0,0,0,0,0,0,0,0,0,0,0,0,0,0,0,0,0,0,0,0,0,Grass
0,1025,0,0,0,0,0,0,0,0,0,0,0,0,0,0,0,0,0,0,0,0,0,0,0,0,Deer
0,1030,0,0,0,0,0,0,0,0,0,0,0,0,0,0,0,0,0,0,0,0,0,0,0,0,Deer
0,1035,0,0,0,0,0,0,0,0,0,0,0,0,0,0,0,0,0,0,0,0,0,0,0,0,Deer
0,1040,0,0,0,0,0,0,0,0,0,0,0,0,0,0,0,0,0,0,0,0,0,0,0,0,Deer
0,1045,0,0,0,0,0,0,0,0,0,0,0,0,0,0,0,0,0,0,0,0,0,0,0,0,Deer
0,1050,0,0,0,0,0,0,0,0,0,0,0,0,0,0,0,0,0,0,0,0,0,0,0,0,Deer
0,1055,0,0,0,0,0,0,0,0,0,0,0,0,0,0,0,0,0,0,0,0,0,0,0,0,Deer
0,1060,0,0,0,0,0,0,0,0,0,0,0,0,0,0,0,0,0,0,0,0,0,0,0,0,Deer
0,1065,0,0,0,0,0,0,0,0,0,0,0,0,0,0,0,0,0,0,0,0,0,0,0,0,Deer
0,1070,0,0,0,0,0,0,0,0,0,0,0,0,0,0,0,0,0,0,0,0,0,0,0,0,Deer
0,1075,0,0,0,0,0,0,0,0,0,0,0,0,0,0,0,0,0,0,0,0,0,0,0,0,Deer
0,1080,0,0,0,0,0,0,0,0,0,0,0,0,0,0,0,0,0,0,0,0,0,0,0,0,Deer
14,1025,0,1,0,0,1,0,0.940017,1.285389,0.55,0.25,6,1,100,80,30,200,1000,3,400,200,5,0.1,3,0.1,Bear
14,1030,0,0,0,0,0,0,0.940017,1.285389,0.55,0.25,6,1,100,80,30,200,1000,3,400,200,5,0.1,3,0.1,Bear
14,1035,0,0,0,0,0,0,0.940017,1.285389,0.55,0.25,6,1,100,80,30,200,1000,3,400,200,5,0.1,3,0.1,Bear
14,1040,0,0,0,0,0,0,0.940017,1.285389,0.55,0.25,6,1,100,80,30,200,1000,3,400,200,5,0.1,3,0.1,Bear
13,1045,0,1,0,0,1,0,0.8989372,1.281375,0.55,0.25,6,1,100,80,30,200,1000,3,400,200,5,0.1,3,0.1,Bear
13,1050,0,1,0,0,1,0,0.8989372,1.281375,0.55,0.25,6,1,100,80,30,200,1000,3,400,200,5,0.1,3,0.1,Bear
12,1055,0,0,0,0,0,0,0.9004238,1.306155,0.55,0.25,6,1,100,80,30,200,1000,3,400,200,5,0.1,3,0.1,Bear
12,1060,0,0,0,0,0,0,0.9004238,1.306155,0.55,0.25,6,1,100,80,30,200,1000,3,400,200,5,0.1,3,0.1,Bear
12,1065,0,0,0,0,0,0,0.9004238,1.306155,0.55,0.25,6,1,100,80,30,200,1000,3,400,200,5,0.1,3,0.1,Bear
12,1070,0,1,0,0,1,0,0.9004238,1.306155,0.55,0.25,6,1,100,80,30,200,1000,3,400,200,5,0.1,3,0.1,Bear
11,1075,0,0,0,0,0,0,0.876532,1.320176,0.55,0.25,6,1,100,80,30,200,1000,3,400,200,5,0.1,3,0.1,Bear
10,1080,0,1,0,0,1,0,0.8422734,1.321371,0.55,0.25,6,1,100,80,30,200,1000,3,400,200,5,0.1,3,0.1,Bear
200,1025,0,0,0,0,0,0,0,0,0,0,0,0,0,0,0,0,0,0,0,0,0,0,0,0,Grass
200,1030,0,0,0,0,0,0,0,0,0,0,0,0,0,0,0,0,0,0,0,0,0,0,0,0,Grass
200,1035,0,0,0,0,0,0,0,0,0,0,0,0,0,0,0,0,0,0,0,0,0,0,0,0,Grass
200,1040,0,0,0,0,0,0,0,0,0,0,0,0,0,0,0,0,0,0,0,0,0,0,0,0,Grass
200,1045,0,0,0,0,0,0,0,0,0,0,0,0,0,0,0,0,0,0,0,0,0,0,0,0,Grass
200,1050,0,0,0,0,0,0,0,0,0,0,0,0,0,0,0,0,0,0,0,0,0,0,0,0,Grass
200,1055,0,0,0,0,0,0,0,0,0,0,0,0,0,0,0,0,0,0,0,0,0,0,0,0,Grass
200,1060,0,0,0,0,0,0,0,0,0,0,0,0,0,0,0,0,0,0,0,0,0,0,0,0,Grass
200,1065,0,0,0,0,0,0,0,0,0,0,0,0,0,0,0,0,0,0,0,0,0,0,0,0,Grass
200,1070,0,0,0,0,0,0,0,0,0,0,0,0,0,0,0,0,0,0,0,0,0,0,0,0,Grass
200,1075,0,0,0,0,0,0,0,0,0,0,0,0,0,0,0,0,0,0,0,0,0,0,0,0,Grass
200,1080,0,0,0,0,0,0,0,0,0,0,0,0,0,0,0,0,0,0,0,0,0,0,0,0,Grass
0,1085,0,0,0,0,0,0,0,0,0,0,0,0,0,0,0,0,0,0,0,0,0,0,0,0,Deer
0,1090,0,0,0,0,0,0,0,0,0,0,0,0,0,0,0,0,0,0,0,0,0,0,0,0,Deer
0,1095,0,0,0,0,0,0,0,0,0,0,0,0,0,0,0,0,0,0,0,0,0,0,0,0,Deer
0,1100,0,0,0,0,0,0,0,0,0,0,0,0,0,0,0,0,0,0,0,0,0,0,0,0,Deer
0,1105,0,0,0,0,0,0,0,0,0,0,0,0,0,0,0,0,0,0,0,0,0,0,0,0,Deer
0,1110,0,0,0,0,0,0,0,0,0,0,0,0,0,0,0,0,0,0,0,0,0,0,0,0,Deer
0,1115,0,0,0,0,0,0,0,0,0,0,0,0,0,0,0,0,0,0,0,0,0,0,0,0,Deer
0,1120,0,0,0,0,0,0,0,0,0,0,0,0,0,0,0,0,0,0,0,0,0,0,0,0,Deer
0,1125,0,0,0,0,0,0,0,0,0,0,0,0,0,0,0,0,0,0,0,0,0,0,0,0,Deer
0,1130,0,0,0,0,0,0,0,0,0,0,0,0,0,0,0,0,0,0,0,0,0,0,0,0,Deer
0,1135,0,0,0,0,0,0,0,0,0,0,0,0,0,0,0,0,0,0,0,0,0,0,0,0,Deer
0,1140,0,0,0,0,0,0,0,0,0,0,0,0,0,0,0,0,0,0,0,0,0,0,0,0,Deer
10,1085,0,0,0,0,0,0,0.8422734,1.321371,0.55,0.25,6,1,100,80,30,200,1000,3,400,200,5,0.1,3,0.1,Bear
9,1090,0,1,0,0,1,0,0.8172011,1.335088,0.55,0.25,6,1,100,80,30,200,1000,3,400,200,5,0.1,3,0.1,Bear
8,1095,0,1,0,0,1,0,0.7476428,1.303503,0.55,0.25,6,1,100,80,30,200,1000,3,400,200,5,0.1,3,0.1,Bear
8,1100,0,0,0,0,0,0,0.7476428,1.303503,0.55,0.25,6,1,100,80,30,200,1000,3,400,200,5,0.1,3,0.1,Bear
8,1105,0,0,0,0,0,0,0.7476428,1.303503,0.55,0.25,6,1,100,80,30,200,1000,3,400,200,5,0.1,3,0.1,Bear
8,1110,0,1,0,0,1,0,0.7476428,1.303503,0.55,0.25,6,1,100,80,30,200,1000,3,400,200,5,0.1,3,0.1,Bear
7,1115,0,0,0,0,0,0,0.7440935,1.328313,0.55,0.25,6,1,100,80,30,200,1000,3,400,200,5,0.1,3,0.1,Bear
6,1120,0,1,0,0,1,0,0.7579514,1.374478,0.55,0.25,6,1,100,80,30,200,1000,3,400,200,5,0.1,3,0.1,Bear
6,1125,0,0,0,0,0,0,0.7579514,1.374478,0.55,0.25,6,1,100,80,30,200,1000,3,400,200,5,0.1,3,0.1,Bear
6,1130,0,0,0,0,0,0,0.7579514,1.374478,0.55,0.25,6,1,100,80,30,200,1000,3,400,200,5,0.1,3,0.1,Bear
5,1135,0,1,0,0,1,0,0.7545052,1.42295,0.55,0.25,6,1,100,80,30,200,1000,3,400,200,5,0.1,3,0.1,Bear
5,1140,0,0,0,0,0,0,0.7545052,1.42295,0.55,0.25,6,1,100,80,30,200,1000,3,400,200,5,0.1,3,0.1,Bear
200,1085,0,0,0,0,0,0,0,0,0,0,0,0,0,0,0,0,0,0,0,0,0,0,0,0,Grass
200,1090,0,0,0,0,0,0,0,0,0,0,0,0,0,0,0,0,0,0,0,0,0,0,0,0,Grass
200,1095,0,0,0,0,0,0,0,0,0,0,0,0,0,0,0,0,0,0,0,0,0,0,0,0,Grass
200,1100,0,0,0,0,0,0,0,0,0,0,0,0,0,0,0,0,0,0,0,0,0,0,0,0,Grass
200,1105,0,0,0,0,0,0,0,0,0,0,0,0,0,0,0,0,0,0,0,0,0,0,0,0,Grass
200,1110,0,0,0,0,0,0,0,0,0,0,0,0,0,0,0,0,0,0,0,0,0,0,0,0,Grass
200,1115,0,0,0,0,0,0,0,0,0,0,0,0,0,0,0,0,0,0,0,0,0,0,0,0,Grass
200,1120,0,0,0,0,0,0,0,0,0,0,0,0,0,0,0,0,0,0,0,0,0,0,0,0,Grass
200,1125,0,0,0,0,0,0,0,0,0,0,0,0,0,0,0,0,0,0,0,0,0,0,0,0,Grass
200,1130,0,0,0,0,0,0,0,0,0,0,0,0,0,0,0,0,0,0,0,0,0,0,0,0,Grass
200,1135,0,0,0,0,0,0,0,0,0,0,0,0,0,0,0,0,0,0,0,0,0,0,0,0,Grass
200,1140,0,0,0,0,0,0,0,0,0,0,0,0,0,0,0,0,0,0,0,0,0,0,0,0,Grass
0,1145,0,0,0,0,0,0,0,0,0,0,0,0,0,0,0,0,0,0,0,0,0,0,0,0,Deer
0,1150,0,0,0,0,0,0,0,0,0,0,0,0,0,0,0,0,0,0,0,0,0,0,0,0,Deer
0,1155,0,0,0,0,0,0,0,0,0,0,0,0,0,0,0,0,0,0,0,0,0,0,0,0,Deer
0,1160,0,0,0,0,0,0,0,0,0,0,0,0,0,0,0,0,0,0,0,0,0,0,0,0,Deer
0,1165,0,0,0,0,0,0,0,0,0,0,0,0,0,0,0,0,0,0,0,0,0,0,0,0,Deer
0,1170,0,0,0,0,0,0,0,0,0,0,0,0,0,0,0,0,0,0,0,0,0,0,0,0,Deer
0,1175,0,0,0,0,0,0,0,0,0,0,0,0,0,0,0,0,0,0,0,0,0,0,0,0,Deer
0,1180,0,0,0,0,0,0,0,0,0,0,0,0,0,0,0,0,0,0,0,0,0,0,0,0,Deer
0,1185,0,0,0,0,0,0,0,0,0,0,0,0,0,0,0,0,0,0,0,0,0,0,0,0,Deer
0,1190,0,0,0,0,0,0,0,0,0,0,0,0,0,0,0,0,0,0,0,0,0,0,0,0,Deer
0,1195,0,0,0,0,0,0,0,0,0,0,0,0,0,0,0,0,0,0,0,0,0,0,0,0,Deer
0,1200,0,0,0,0,0,0,0,0,0,0,0,0,0,0,0,0,0,0,0,0,0,0,0,0,Deer
4,1145,1,0,0,0,1,0,0.7528774,1.371464,0.55,0.25,6,1,100,80,30,200,1000,3,400,200,5,0.1,3,0.1,Bear
3,1150,0,1,0,0,1,0,0.7440284,1.429336,0.55,0.25,6,1,100,80,30,200,1000,3,400,200,5,0.1,3,0.1,Bear
3,1155,0,0,0,0,0,0,0.7440284,1.429336,0.55,0.25,6,1,100,80,30,200,1000,3,400,200,5,0.1,3,0.1,Bear
3,1160,0,0,0,0,0,0,0.7440284,1.429336,0.55,0.25,6,1,100,80,30,200,1000,3,400,200,5,0.1,3,0.1,Bear
3,1165,0,0,0,0,0,0,0.7440284,1.429336,0.55,0.25,6,1,100,80,30,200,1000,3,400,200,5,0.1,3,0.1,Bear
3,1170,0,0,0,0,0,0,0.7440284,1.429336,0.55,0.25,6,1,100,80,30,200,1000,3,400,200,5,0.1,3,0.1,Bear
3,1175,0,0,0,0,0,0,0.7440284,1.429336,0.55,0.25,6,1,100,80,30,200,1000,3,400,200,5,0.1,3,0.1,Bear
3,1180,0,0,0,0,0,0,0.7440284,1.429336,0.55,0.25,6,1,100,80,30,200,1000,3,400,200,5,0.1,3,0.1,Bear
3,1185,0,0,0,0,0,0,0.7440284,1.429336,0.55,0.25,6,1,100,80,30,200,1000,3,400,200,5,0.1,3,0.1,Bear
3,1190,0,0,0,0,0,0,0.7440284,1.429336,0.55,0.25,6,1,100,80,30,200,1000,3,400,200,5,0.1,3,0.1,Bear
3,1195,0,0,0,0,0,0,0.7440284,1.429336,0.55,0.25,6,1,100,80,30,200,1000,3,400,200,5,0.1,3,0.1,Bear
3,1200,0,0,0,0,0,0,0.7440284,1.429336,0.55,0.25,6,1,100,80,30,200,1000,3,400,200,5,0.1,3,0.1,Bear
200,1145,0,0,0,0,0,0,0,0,0,0,0,0,0,0,0,0,0,0,0,0,0,0,0,0,Grass
200,1150,0,0,0,0,0,0,0,0,0,0,0,0,0,0,0,0,0,0,0,0,0,0,0,0,Grass
200,1155,0,0,0,0,0,0,0,0,0,0,0,0,0,0,0,0,0,0,0,0,0,0,0,0,Grass
200,1160,0,0,0,0,0,0,0,0,0,0,0,0,0,0,0,0,0,0,0,0,0,0,0,0,Grass
200,1165,0,0,0,0,0,0,0,0,0,0,0,0,0,0,0,0,0,0,0,0,0,0,0,0,Grass
200,1170,0,0,0,0,0,0,0,0,0,0,0,0,0,0,0,0,0,0,0,0,0,0,0,0,Grass
200,1175,0,0,0,0,0,0,0,0,0,0,0,0,0,0,0,0,0,0,0,0,0,0,0,0,Grass
200,1180,0,0,0,0,0,0,0,0,0,0,0,0,0,0,0,0,0,0,0,0,0,0,0,0,Grass
200,1185,0,0,0,0,0,0,0,0,0,0,0,0,0,0,0,0,0,0,0,0,0,0,0,0,Grass
200,1190,0,0,0,0,0,0,0,0,0,0,0,0,0,0,0,0,0,0,0,0,0,0,0,0,Grass
200,1195,0,0,0,0,0,0,0,0,0,0,0,0,0,0,0,0,0,0,0,0,0,0,0,0,Grass
200,1200,0,0,0,0,0,0,0,0,0,0,0,0,0,0,0,0,0,0,0,0,0,0,0,0,Grass
0,1205,0,0,0,0,0,0,0,0,0,0,0,0,0,0,0,0,0,0,0,0,0,0,0,0,Deer
0,1210,0,0,0,0,0,0,0,0,0,0,0,0,0,0,0,0,0,0,0,0,0,0,0,0,Deer
0,1215,0,0,0,0,0,0,0,0,0,0,0,0,0,0,0,0,0,0,0,0,0,0,0,0,Deer
0,1220,0,0,0,0,0,0,0,0,0,0,0,0,0,0,0,0,0,0,0,0,0,0,0,0,Deer
0,1225,0,0,0,0,0,0,0,0,0,0,0,0,0,0,0,0,0,0,0,0,0,0,0,0,Deer
0,1230,0,0,0,0,0,0,0,0,0,0,0,0,0,0,0,0,0,0,0,0,0,0,0,0,Deer
0,1235,0,0,0,0,0,0,0,0,0,0,0,0,0,0,0,0,0,0,0,0,0,0,0,0,Deer
0,1240,0,0,0,0,0,0,0,0,0,0,0,0,0,0,0,0,0,0,0,0,0,0,0,0,Deer
0,1245,0,0,0,0,0,0,0,0,0,0,0,0,0,0,0,0,0,0,0,0,0,0,0,0,Deer
0,1250,0,0,0,0,0,0,0,0,0,0,0,0,0,0,0,0,0,0,0,0,0,0,0,0,Deer
0,1255,0,0,0,0,0,0,0,0,0,0,0,0,0,0,0,0,0,0,0,0,0,0,0,0,Deer
0,1260,0,0,0,0,0,0,0,0,0,0,0,0,0,0,0,0,0,0,0,0,0,0,0,0,Deer
2,1205,0,1,0,0,1,0,0.7174556,1.449482,0.55,0.25,6,1,100,80,30,200,1000,3,400,200,5,0.1,3,0.1,Bear
2,1210,0,0,0,0,0,0,0.7174556,1.449482,0.55,0.25,6,1,100,80,30,200,1000,3,400,200,5,0.1,3,0.1,Bear
1,1215,1,0,0,0,1,0,0.6425177,1.585063,0.55,0.25,6,1,100,80,30,200,1000,3,400,200,5,0.1,3,0.1,Bear
1,1220,0,0,0,0,0,0,0.6425177,1.585063,0.55,0.25,6,1,100,80,30,200,1000,3,400,200,5,0.1,3,0.1,Bear
1,1225,0,0,0,0,0,0,0.6425177,1.585063,0.55,0.25,6,1,100,80,30,200,1000,3,400,200,5,0.1,3,0.1,Bear
1,1230,0,0,0,0,0,0,0.6425177,1.585063,0.55,0.25,6,1,100,80,30,200,1000,3,400,200,5,0.1,3,0.1,Bear
1,1235,0,0,0,0,0,0,0.6425177,1.585063,0.55,0.25,6,1,100,80,30,200,1000,3,400,200,5,0.1,3,0.1,Bear
1,1240,0,0,0,0,0,0,0.6425177,1.585063,0.55,0.25,6,1,100,80,30,200,1000,3,400,200,5,0.1,3,0.1,Bear
1,1245,0,0,0,0,0,0,0.6425177,1.585063,0.55,0.25,6,1,100,80,30,200,1000,3,400,200,5,0.1,3,0.1,Bear
1,1250,0,0,0,0,0,0,0.6425177,1.585063,0.55,0.25,6,1,100,80,30,200,1000,3,400,200,5,0.1,3,0.1,Bear
1,1255,0,0,0,0,0,0,0.6425177,1.585063,0.55,0.25,6,1,100,80,30,200,1000,3,400,200,5,0.1,3,0.1,Bear
1,1260,0,0,0,0,0,0,0.6425177,1.585063,0.55,0.25,6,1,100,80,30,200,1000,3,400,200,5,0.1,3,0.1,Bear
200,1205,0,0,0,0,0,0,0,0,0,0,0,0,0,0,0,0,0,0,0,0,0,0,0,0,Grass
200,1210,0,0,0,0,0,0,0,0,0,0,0,0,0,0,0,0,0,0,0,0,0,0,0,0,Grass
200,1215,0,0,0,0,0,0,0,0,0,0,0,0,0,0,0,0,0,0,0,0,0,0,0,0,Grass
200,1220,0,0,0,0,0,0,0,0,0,0,0,0,0,0,0,0,0,0,0,0,0,0,0,0,Grass
200,1225,0,0,0,0,0,0,0,0,0,0,0,0,0,0,0,0,0,0,0,0,0,0,0,0,Grass
200,1230,0,0,0,0,0,0,0,0,0,0,0,0,0,0,0,0,0,0,0,0,0,0,0,0,Grass
200,1235,0,0,0,0,0,0,0,0,0,0,0,0,0,0,0,0,0,0,0,0,0,0,0,0,Grass
200,1240,0,0,0,0,0,0,0,0,0,0,0,0,0,0,0,0,0,0,0,0,0,0,0,0,Grass
200,1245,0,0,0,0,0,0,0,0,0,0,0,0,0,0,0,0,0,0,0,0,0,0,0,0,Grass
200,1250,0,0,0,0,0,0,0,0,0,0,0,0,0,0,0,0,0,0,0,0,0,0,0,0,Grass
200,1255,0,0,0,0,0,0,0,0,0,0,0,0,0,0,0,0,0,0,0,0,0,0,0,0,Grass
200,1260,0,0,0,0,0,0,0,0,0,0,0,0,0,0,0,0,0,0,0,0,0,0,0,0,Grass
0,1265,0,0,0,0,0,0,0,0,0,0,0,0,0,0,0,0,0,0,0,0,0,0,0,0,Deer
0,1270,0,0,0,0,0,0,0,0,0,0,0,0,0,0,0,0,0,0,0,0,0,0,0,0,Deer
0,1275,0,0,0,0,0,0,0,0,0,0,0,0,0,0,0,0,0,0,0,0,0,0,0,0,Deer
0,1280,0,0,0,0,0,0,0,0,0,0,0,0,0,0,0,0,0,0,0,0,0,0,0,0,Deer
0,1285,0,0,0,0,0,0,0,0,0,0,0,0,0,0,0,0,0,0,0,0,0,0,0,0,Deer
0,1290,0,0,0,0,0,0,0,0,0,0,0,0,0,0,0,0,0,0,0,0,0,0,0,0,Deer
0,1295,0,0,0,0,0,0,0,0,0,0,0,0,0,0,0,0,0,0,0,0,0,0,0,0,Deer
0,1300,0,0,0,0,0,0,0,0,0,0,0,0,0,0,0,0,0,0,0,0,0,0,0,0,Deer
0,1305,0,0,0,0,0,0,0,0,0,0,0,0,0,0,0,0,0,0,0,0,0,0,0,0,Deer
0,1310,0,0,0,0,0,0,0,0,0,0,0,0,0,0,0,0,0,0,0,0,0,0,0,0,Deer
0,1315,0,0,0,0,0,0,0,0,0,0,0,0,0,0,0,0,0,0,0,0,0,0,0,0,Deer
0,1320,0,0,0,0,0,0,0,0,0,0,0,0,0,0,0,0,0,0,0,0,0,0,0,0,Deer
1,1265,0,0,0,0,0,0,0.6425177,1.585063,0.55,0.25,6,1,100,80,30,200,1000,3,400,200,5,0.1,3,0.1,Bear
1,1270,0,0,0,0,0,0,0.6425177,1.585063,0.55,0.25,6,1,100,80,30,200,1000,3,400,200,5,0.1,3,0.1,Bear
1,1275,0,0,0,0,0,0,0.6425177,1.585063,0.55,0.25,6,1,100,80,30,200,1000,3,400,200,5,0.1,3,0.1,Bear
1,1280,0,0,0,0,0,0,0.6425177,1.585063,0.55,0.25,6,1,100,80,30,200,1000,3,400,200,5,0.1,3,0.1,Bear
1,1285,0,0,0,0,0,0,0.6425177,1.585063,0.55,0.25,6,1,100,80,30,200,1000,3,400,200,5,0.1,3,0.1,Bear
1,1290,0,0,0,0,0,0,0.6425177,1.585063,0.55,0.25,6,1,100,80,30,200,1000,3,400,200,5,0.1,3,0.1,Bear
1,1295,0,0,0,0,0,0,0.6425177,1.585063,0.55,0.25,6,1,100,80,30,200,1000,3,400,200,5,0.1,3,0.1,Bear
1,1300,0,0,0,0,0,0,0.6425177,1.585063,0.55,0.25,6,1,100,80,30,200,1000,3,400,200,5,0.1,3,0.1,Bear
1,1305,0,0,0,0,0,0,0.6425177,1.585063,0.55,0.25,6,1,100,80,30,200,1000,3,400,200,5,0.1,3,0.1,Bear
1,1310,0,0,0,0,0,0,0.6425177,1.585063,0.55,0.25,6,1,100,80,30,200,1000,3,400,200,5,0.1,3,0.1,Bear
1,1315,0,0,0,0,0,0,0.6425177,1.585063,0.55,0.25,6,1,100,80,30,200,1000,3,400,200,5,0.1,3,0.1,Bear
1,1320,0,0,0,0,0,0,0.6425177,1.585063,0.55,0.25,6,1,100,80,30,200,1000,3,400,200,5,0.1,3,0.1,Bear
200,1265,0,0,0,0,0,0,0,0,0,0,0,0,0,0,0,0,0,0,0,0,0,0,0,0,Grass
200,1270,0,0,0,0,0,0,0,0,0,0,0,0,0,0,0,0,0,0,0,0,0,0,0,0,Grass
200,1275,0,0,0,0,0,0,0,0,0,0,0,0,0,0,0,0,0,0,0,0,0,0,0,0,Grass
200,1280,0,0,0,0,0,0,0,0,0,0,0,0,0,0,0,0,0,0,0,0,0,0,0,0,Grass
200,1285,0,0,0,0,0,0,0,0,0,0,0,0,0,0,0,0,0,0,0,0,0,0,0,0,Grass
200,1290,0,0,0,0,0,0,0,0,0,0,0,0,0,0,0,0,0,0,0,0,0,0,0,0,Grass
200,1295,0,0,0,0,0,0,0,0,0,0,0,0,0,0,0,0,0,0,0,0,0,0,0,0,Grass
200,1300,0,0,0,0,0,0,0,0,0,0,0,0,0,0,0,0,0,0,0,0,0,0,0,0,Grass
200,1305,0,0,0,0,0,0,0,0,0,0,0,0,0,0,0,0,0,0,0,0,0,0,0,0,Grass
200,1310,0,0,0,0,0,0,0,0,0,0,0,0,0,0,0,0,0,0,0,0,0,0,0,0,Grass
200,1315,0,0,0,0,0,0,0,0,0,0,0,0,0,0,0,0,0,0,0,0,0,0,0,0,Grass
200,1320,0,0,0,0,0,0,0,0,0,0,0,0,0,0,0,0,0,0,0,0,0,0,0,0,Grass
0,1325,0,0,0,0,0,0,0,0,0,0,0,0,0,0,0,0,0,0,0,0,0,0,0,0,Deer
0,1330,0,0,0,0,0,0,0,0,0,0,0,0,0,0,0,0,0,0,0,0,0,0,0,0,Deer
0,1335,0,0,0,0,0,0,0,0,0,0,0,0,0,0,0,0,0,0,0,0,0,0,0,0,Deer
0,1340,0,0,0,0,0,0,0,0,0,0,0,0,0,0,0,0,0,0,0,0,0,0,0,0,Deer
0,1345,0,0,0,0,0,0,0,0,0,0,0,0,0,0,0,0,0,0,0,0,0,0,0,0,Deer
0,1350,0,0,0,0,0,0,0,0,0,0,0,0,0,0,0,0,0,0,0,0,0,0,0,0,Deer
0,1355,0,0,0,0,0,0,0,0,0,0,0,0,0,0,0,0,0,0,0,0,0,0,0,0,Deer
0,1360,0,0,0,0,0,0,0,0,0,0,0,0,0,0,0,0,0,0,0,0,0,0,0,0,Deer
0,1365,0,0,0,0,0,0,0,0,0,0,0,0,0,0,0,0,0,0,0,0,0,0,0,0,Deer
0,1370,0,0,0,0,0,0,0,0,0,0,0,0,0,0,0,0,0,0,0,0,0,0,0,0,Deer
0,1375,0,0,0,0,0,0,0,0,0,0,0,0,0,0,0,0,0,0,0,0,0,0,0,0,Deer
0,1380,0,0,0,0,0,0,0,0,0,0,0,0,0,0,0,0,0,0,0,0,0,0,0,0,Deer
1,1325,0,0,0,0,0,0,0.6425177,1.585063,0.55,0.25,6,1,100,80,30,200,1000,3,400,200,5,0.1,3,0.1,Bear
1,1330,0,0,0,0,0,0,0.6425177,1.585063,0.55,0.25,6,1,100,80,30,200,1000,3,400,200,5,0.1,3,0.1,Bear
1,1335,0,0,0,0,0,0,0.6425177,1.585063,0.55,0.25,6,1,100,80,30,200,1000,3,400,200,5,0.1,3,0.1,Bear
1,1340,0,0,0,0,0,0,0.6425177,1.585063,0.55,0.25,6,1,100,80,30,200,1000,3,400,200,5,0.1,3,0.1,Bear
1,1345,0,0,0,0,0,0,0.6425177,1.585063,0.55,0.25,6,1,100,80,30,200,1000,3,400,200,5,0.1,3,0.1,Bear
1,1350,0,0,0,0,0,0,0.6425177,1.585063,0.55,0.25,6,1,100,80,30,200,1000,3,400,200,5,0.1,3,0.1,Bear
1,1355,0,0,0,0,0,0,0.6425177,1.585063,0.55,0.25,6,1,100,80,30,200,1000,3,400,200,5,0.1,3,0.1,Bear
0,1360,0,1,0,0,1,0,0,0,0,0,0,0,0,0,0,0,0,0,0,0,0,0,0,0,Bear
0,1365,0,0,0,0,0,0,0,0,0,0,0,0,0,0,0,0,0,0,0,0,0,0,0,0,Bear
0,1370,0,0,0,0,0,0,0,0,0,0,0,0,0,0,0,0,0,0,0,0,0,0,0,0,Bear
0,1375,0,0,0,0,0,0,0,0,0,0,0,0,0,0,0,0,0,0,0,0,0,0,0,0,Bear
0,1380,0,0,0,0,0,0,0,0,0,0,0,0,0,0,0,0,0,0,0,0,0,0,0,0,Bear
200,1325,0,0,0,0,0,0,0,0,0,0,0,0,0,0,0,0,0,0,0,0,0,0,0,0,Grass
200,1330,0,0,0,0,0,0,0,0,0,0,0,0,0,0,0,0,0,0,0,0,0,0,0,0,Grass
200,1335,0,0,0,0,0,0,0,0,0,0,0,0,0,0,0,0,0,0,0,0,0,0,0,0,Grass
200,1340,0,0,0,0,0,0,0,0,0,0,0,0,0,0,0,0,0,0,0,0,0,0,0,0,Grass
200,1345,0,0,0,0,0,0,0,0,0,0,0,0,0,0,0,0,0,0,0,0,0,0,0,0,Grass
200,1350,0,0,0,0,0,0,0,0,0,0,0,0,0,0,0,0,0,0,0,0,0,0,0,0,Grass
200,1355,0,0,0,0,0,0,0,0,0,0,0,0,0,0,0,0,0,0,0,0,0,0,0,0,Grass
200,1360,0,0,0,0,0,0,0,0,0,0,0,0,0,0,0,0,0,0,0,0,0,0,0,0,Grass
200,1365,0,0,0,0,0,0,0,0,0,0,0,0,0,0,0,0,0,0,0,0,0,0,0,0,Grass
200,1370,0,0,0,0,0,0,0,0,0,0,0,0,0,0,0,0,0,0,0,0,0,0,0,0,Grass
200,1375,0,0,0,0,0,0,0,0,0,0,0,0,0,0,0,0,0,0,0,0,0,0,0,0,Grass
200,1380,0,0,0,0,0,0,0,0,0,0,0,0,0,0,0,0,0,0,0,0,0,0,0,0,Grass
