population,time,deathsByAge,deathsByHunger,deathsByThirst,deathsByHunt,deathsTotal,births,speed,size,hungerDecreaseFactor,thirstDecreaseFactor,staminaDecreaseFactor,staminaIncreaseFactor,gestationDuration,durationBetweenPregnancies,fovRange,growIntoAdultDurationSeconds,expectedAge,averageNumberOfChildren,foodRestoreHungerAmount,waterRestoreThirstAmount,speedMultiplyFactor,maxSpeed,minSpeed,maxSize,minSize,species
1000,5,0,0,0,0,0,0,0,0,0,0,0,0,0,0,0,0,0,0,0,0,0,0,0,0,0,Grass
1000,10,0,0,0,0,0,0,0,0,0,0,0,0,0,0,0,0,0,0,0,0,0,0,0,0,0,Grass
961,15,0,0,0,0,0,0,0,0,0,0,0,0,0,0,0,0,0,0,0,0,0,0,0,0,0,Grass
961,20,0,0,0,0,0,0,0,0,0,0,0,0,0,0,0,0,0,0,0,0,0,0,0,0,0,Grass
944,25,0,0,0,0,0,0,0,0,0,0,0,0,0,0,0,0,0,0,0,0,0,0,0,0,0,Grass
942,30,0,0,0,0,0,0,0,0,0,0,0,0,0,0,0,0,0,0,0,0,0,0,0,0,0,Grass
938,35,0,0,0,0,0,0,0,0,0,0,0,0,0,0,0,0,0,0,0,0,0,0,0,0,0,Grass
938,40,0,0,0,0,0,0,0,0,0,0,0,0,0,0,0,0,0,0,0,0,0,0,0,0,0,Grass
934,45,0,0,0,0,0,0,0,0,0,0,0,0,0,0,0,0,0,0,0,0,0,0,0,0,0,Grass
933,50,0,0,0,0,0,0,0,0,0,0,0,0,0,0,0,0,0,0,0,0,0,0,0,0,0,Grass
930,55,0,0,0,0,0,0,0,0,0,0,0,0,0,0,0,0,0,0,0,0,0,0,0,0,0,Grass
930,60,0,0,0,0,0,0,0,0,0,0,0,0,0,0,0,0,0,0,0,0,0,0,0,0,0,Grass
300,5,0,0,0,0,0,0,0.9956319,1.001717,0.5,0.3,3,5,48,39,15,87,525,3,200,200,1,5,0.1,3,0.1,Deer
278,10,0,0,0,41,41,0,0.9928588,1.00246,0.5,0.3,3,5,48,39,15,87,525,3,200,200,1,5,0.1,3,0.1,Deer
256,15,0,0,0,6,6,0,0.9931145,1.001617,0.5,0.3,3,5,48,39,15,87,525,3,200,200,1,5,0.1,3,0.1,Deer
253,20,0,0,0,2,2,0,0.9927312,1.000594,0.5,0.3,3,5,48,39,15,87,525,3,200,200,1,5,0.1,3,0.1,Deer
253,25,0,0,0,0,0,0,0.9927312,1.000594,0.5,0.3,3,5,48,39,15,87,525,3,200,200,1,5,0.1,3,0.1,Deer
251,30,0,0,0,3,3,0,0.9927208,1.002252,0.5,0.3,3,5,48,39,15,87,525,3,200,200,1,5,0.1,3,0.1,Deer
247,35,3,0,0,4,7,0,0.991334,1.000744,0.5,0.3,3,5,48,39,15,87,525,3,200,200,1,5,0.1,3,0.1,Deer
244,40,0,0,0,1,1,0,0.9897695,1.000474,0.5,0.3,3,5,48,39,15,87,525,3,200,200,1,5,0.1,3,0.1,Deer
240,45,0,0,0,7,7,0,0.9898911,0.9992137,0.5,0.3,3,5,48,39,15,87,525,3,200,200,1,5,0.1,3,0.1,Deer
233,50,0,0,0,10,10,0,0.9901536,1.0003,0.5,0.3,3,5,48,39,15,87,525,3,200,200,1,5,0.1,3,0.1,Deer
223,55,0,0,0,8,8,0,0.9914137,1.001732,0.5,0.3,3,5,48,39,15,87,525,3,200,200,1,5,0.1,3,0.1,Deer
216,60,0,0,0,7,7,0,0.9912192,1.00244,0.5,0.3,3,5,48,39,15,87,525,3,200,200,1,5,0.1,3,0.1,Deer
50,5,0,0,0,0,0,0,1.011695,1.038472,0.63,0.53,7,3,144,117,15,261,1317,2,400,200,0.94,5,0.1,3,0.1,Bear
50,10,0,0,0,0,0,0,1.011695,1.038472,0.63,0.53,7,3,144,117,15,261,1317,2,400,200,0.94,5,0.1,3,0.1,Bear
50,15,0,0,0,0,0,0,1.011695,1.038472,0.63,0.53,7,3,144,117,15,261,1317,2,400,200,0.94,5,0.1,3,0.1,Bear
50,20,0,0,0,0,0,0,1.011695,1.038472,0.63,0.53,7,3,144,117,15,261,1317,2,400,200,0.94,5,0.1,3,0.1,Bear
50,25,0,0,0,0,0,0,1.011695,1.038472,0.63,0.53,7,3,144,117,15,261,1317,2,400,200,0.94,5,0.1,3,0.1,Bear
50,30,0,0,0,0,0,0,1.011695,1.038472,0.63,0.53,7,3,144,117,15,261,1317,2,400,200,0.94,5,0.1,3,0.1,Bear
50,35,0,0,0,0,0,0,1.011695,1.038472,0.63,0.53,7,3,144,117,15,261,1317,2,400,200,0.94,5,0.1,3,0.1,Bear
50,40,0,0,0,0,0,0,1.011695,1.038472,0.63,0.53,7,3,144,117,15,261,1317,2,400,200,0.94,5,0.1,3,0.1,Bear
50,45,0,0,0,0,0,0,1.011695,1.038472,0.63,0.53,7,3,144,117,15,261,1317,2,400,200,0.94,5,0.1,3,0.1,Bear
50,50,0,0,0,0,0,0,1.011695,1.038472,0.63,0.53,7,3,144,117,15,261,1317,2,400,200,0.94,5,0.1,3,0.1,Bear
50,55,0,0,0,0,0,0,1.011695,1.038472,0.63,0.53,7,3,144,117,15,261,1317,2,400,200,0.94,5,0.1,3,0.1,Bear
50,60,0,0,0,0,0,0,1.011695,1.038472,0.63,0.53,7,3,144,117,15,261,1317,2,400,200,0.94,5,0.1,3,0.1,Bear
929,65,0,0,0,0,0,0,0,0,0,0,0,0,0,0,0,0,0,0,0,0,0,0,0,0,0,Grass
929,70,0,0,0,0,0,0,0,0,0,0,0,0,0,0,0,0,0,0,0,0,0,0,0,0,0,Grass
968,75,0,0,0,0,0,0,0,0,0,0,0,0,0,0,0,0,0,0,0,0,0,0,0,0,0,Grass
968,80,0,0,0,0,0,0,0,0,0,0,0,0,0,0,0,0,0,0,0,0,0,0,0,0,0,Grass
959,85,0,0,0,0,0,0,0,0,0,0,0,0,0,0,0,0,0,0,0,0,0,0,0,0,0,Grass
956,90,0,0,0,0,0,0,0,0,0,0,0,0,0,0,0,0,0,0,0,0,0,0,0,0,0,Grass
945,95,0,0,0,0,0,0,0,0,0,0,0,0,0,0,0,0,0,0,0,0,0,0,0,0,0,Grass
944,100,0,0,0,0,0,0,0,0,0,0,0,0,0,0,0,0,0,0,0,0,0,0,0,0,0,Grass
933,105,0,0,0,0,0,0,0,0,0,0,0,0,0,0,0,0,0,0,0,0,0,0,0,0,0,Grass
930,110,0,0,0,0,0,0,0,0,0,0,0,0,0,0,0,0,0,0,0,0,0,0,0,0,0,Grass
915,115,0,0,0,0,0,0,0,0,0,0,0,0,0,0,0,0,0,0,0,0,0,0,0,0,0,Grass
914,120,0,0,0,0,0,0,0,0,0,0,0,0,0,0,0,0,0,0,0,0,0,0,0,0,0,Grass
210,65,0,0,0,7,7,0,0.9924127,1.000365,0.5,0.3,3,5,48,39,15,87,525,3,200,200,1,5,0.1,3,0.1,Deer
213,70,0,0,0,2,2,6,0.9917549,1.003923,0.5,0.3,3,5,48,39,15,87,525,3,200,200,1,5,0.1,3,0.1,Deer
206,75,0,0,0,8,8,0,0.9919248,1.005435,0.5,0.3,3,5,48,39,15,87,525,3,200,200,1,5,0.1,3,0.1,Deer
206,80,0,0,0,3,3,4,0.9915289,1.002922,0.5,0.3,3,5,48,39,15,87,525,3,200,200,1,5,0.1,3,0.1,Deer
206,85,0,0,0,3,3,3,0.9925414,0.9997156,0.5,0.3,3,5,48,39,15,87,525,3,200,200,1,5,0.1,3,0.1,Deer
198,90,0,0,0,12,12,0,0.9934408,0.9986417,0.5,0.3,3,5,48,39,15,87,525,3,200,200,1,5,0.1,3,0.1,Deer
188,95,4,0,0,6,10,0,0.9959069,0.9947758,0.5,0.3,3,5,48,39,15,87,525,3,200,200,1,5,0.1,3,0.1,Deer
181,100,0,0,0,4,4,0,0.9942792,0.9957868,0.5,0.3,3,5,48,39,15,87,525,3,200,200,1,5,0.1,3,0.1,Deer
176,105,0,0,0,8,8,0,0.997642,0.9978943,0.5,0.3,3,5,48,39,15,87,525,3,200,200,1,5,0.1,3,0.1,Deer
174,110,0,0,0,1,1,0,0.9950888,0.9981335,0.5,0.3,3,5,48,39,15,87,525,3,200,200,1,5,0.1,3,0.1,Deer
170,115,0,0,0,5,5,0,0.996489,0.9972214,0.5,0.3,3,5,48,39,15,87,525,3,200,200,1,5,0.1,3,0.1,Deer
165,120,0,0,0,6,6,0,0.995156,0.9995196,0.5,0.3,3,5,48,39,15,87,525,3,200,200,1,5,0.1,3,0.1,Deer
49,65,1,0,0,0,1,0,1.016719,1.034464,0.63,0.53,7,3,144,117,15,261,1317,2,400,200,0.94,5,0.1,3,0.1,Bear
49,70,0,0,0,0,0,0,1.016719,1.034464,0.63,0.53,7,3,144,117,15,261,1317,2,400,200,0.94,5,0.1,3,0.1,Bear
49,75,0,0,0,0,0,0,1.016719,1.034464,0.63,0.53,7,3,144,117,15,261,1317,2,400,200,0.94,5,0.1,3,0.1,Bear
49,80,0,0,0,0,0,0,1.016719,1.034464,0.63,0.53,7,3,144,117,15,261,1317,2,400,200,0.94,5,0.1,3,0.1,Bear
49,85,0,0,0,0,0,0,1.016719,1.034464,0.63,0.53,7,3,144,117,15,261,1317,2,400,200,0.94,5,0.1,3,0.1,Bear
49,90,0,0,0,0,0,0,1.016719,1.034464,0.63,0.53,7,3,144,117,15,261,1317,2,400,200,0.94,5,0.1,3,0.1,Bear
48,95,1,0,0,0,1,0,1.012322,1.032548,0.63,0.53,7,3,144,117,15,261,1317,2,400,200,0.94,5,0.1,3,0.1,Bear
48,100,0,0,0,0,0,0,1.012322,1.032548,0.63,0.53,7,3,144,117,15,261,1317,2,400,200,0.94,5,0.1,3,0.1,Bear
48,105,0,0,0,0,0,0,1.012322,1.032548,0.63,0.53,7,3,144,117,15,261,1317,2,400,200,0.94,5,0.1,3,0.1,Bear
48,110,0,0,0,0,0,0,1.012322,1.032548,0.63,0.53,7,3,144,117,15,261,1317,2,400,200,0.94,5,0.1,3,0.1,Bear
48,115,0,0,0,0,0,0,1.012322,1.032548,0.63,0.53,7,3,144,117,15,261,1317,2,400,200,0.94,5,0.1,3,0.1,Bear
48,120,0,0,0,0,0,0,1.012322,1.032548,0.63,0.53,7,3,144,117,15,261,1317,2,400,200,0.94,5,0.1,3,0.1,Bear
876,125,0,0,0,0,0,0,0,0,0,0,0,0,0,0,0,0,0,0,0,0,0,0,0,0,0,Grass
870,130,0,0,0,0,0,0,0,0,0,0,0,0,0,0,0,0,0,0,0,0,0,0,0,0,0,Grass
855,135,0,0,0,0,0,0,0,0,0,0,0,0,0,0,0,0,0,0,0,0,0,0,0,0,0,Grass
853,140,0,0,0,0,0,0,0,0,0,0,0,0,0,0,0,0,0,0,0,0,0,0,0,0,0,Grass
854,145,0,0,0,0,0,0,0,0,0,0,0,0,0,0,0,0,0,0,0,0,0,0,0,0,0,Grass
858,150,0,0,0,0,0,0,0,0,0,0,0,0,0,0,0,0,0,0,0,0,0,0,0,0,0,Grass
856,155,0,0,0,0,0,0,0,0,0,0,0,0,0,0,0,0,0,0,0,0,0,0,0,0,0,Grass
855,160,0,0,0,0,0,0,0,0,0,0,0,0,0,0,0,0,0,0,0,0,0,0,0,0,0,Grass
854,165,0,0,0,0,0,0,0,0,0,0,0,0,0,0,0,0,0,0,0,0,0,0,0,0,0,Grass
855,170,0,0,0,0,0,0,0,0,0,0,0,0,0,0,0,0,0,0,0,0,0,0,0,0,0,Grass
850,175,0,0,0,0,0,0,0,0,0,0,0,0,0,0,0,0,0,0,0,0,0,0,0,0,0,Grass
849,180,0,0,0,0,0,0,0,0,0,0,0,0,0,0,0,0,0,0,0,0,0,0,0,0,0,Grass
154,125,6,0,0,5,11,0,0.9996129,1.003116,0.5,0.3,3,5,48,39,15,87,525,3,200,200,1,5,0.1,3,0.1,Deer
153,130,0,0,0,0,0,0,0.9996185,1.002828,0.5,0.3,3,5,48,39,15,87,525,3,200,200,1,5,0.1,3,0.1,Deer
146,135,0,0,0,7,7,0,1.001548,1.001886,0.5,0.3,3,5,48,39,15,87,525,3,200,200,1,5,0.1,3,0.1,Deer
142,140,0,0,0,6,6,0,0.9989111,1.001539,0.5,0.3,3,5,48,39,15,87,525,3,200,200,1,5,0.1,3,0.1,Deer
154,145,0,2,2,5,7,19,1.009527,0.9966307,0.5,0.3,3,5,48,39,15,87,525,3,200,200,1,5,0.1,3,0.1,Deer
167,150,0,1,0,3,4,19,1.005078,1.006181,0.5,0.3,3,5,48,39,15,87,525,3,200,200,1,5,0.1,3,0.1,Deer
165,155,2,2,0,8,12,5,1.009632,1.010998,0.5,0.3,3,5,48,39,15,87,525,3,200,200,1,5,0.1,3,0.1,Deer
169,160,0,1,0,4,5,10,1.009251,1.011441,0.5,0.3,3,5,48,39,15,87,525,3,200,200,1,5,0.1,3,0.1,Deer
164,165,0,2,0,7,9,4,1.009782,1.023982,0.5,0.3,3,5,48,39,15,87,525,3,200,200,1,5,0.1,3,0.1,Deer
162,170,0,0,0,2,2,0,1.011047,1.026659,0.5,0.3,3,5,48,39,15,87,525,3,200,200,1,5,0.1,3,0.1,Deer
168,175,0,0,1,6,7,13,1.016321,1.021561,0.5,0.3,3,5,48,39,15,87,525,3,200,200,1,5,0.1,3,0.1,Deer
178,180,0,3,0,5,8,17,1.020015,1.024118,0.5,0.3,3,5,48,39,15,87,525,3,200,200,1,5,0.1,3,0.1,Deer
48,125,0,0,0,0,0,0,1.012322,1.032548,0.63,0.53,7,3,144,117,15,261,1317,2,400,200,0.94,5,0.1,3,0.1,Bear
48,130,0,0,0,0,0,0,1.012322,1.032548,0.63,0.53,7,3,144,117,15,261,1317,2,400,200,0.94,5,0.1,3,0.1,Bear
48,135,0,0,0,0,0,0,1.012322,1.032548,0.63,0.53,7,3,144,117,15,261,1317,2,400,200,0.94,5,0.1,3,0.1,Bear
47,140,0,0,1,0,1,0,1.007633,1.038201,0.63,0.53,7,3,144,117,15,261,1317,2,400,200,0.94,5,0.1,3,0.1,Bear
47,145,0,0,0,0,0,0,1.007633,1.038201,0.63,0.53,7,3,144,117,15,261,1317,2,400,200,0.94,5,0.1,3,0.1,Bear
47,150,0,0,0,0,0,0,1.007633,1.038201,0.63,0.53,7,3,144,117,15,261,1317,2,400,200,0.94,5,0.1,3,0.1,Bear
46,155,1,0,0,0,1,0,1.004668,1.03999,0.63,0.53,7,3,144,117,15,261,1317,2,400,200,0.94,5,0.1,3,0.1,Bear
46,160,0,0,0,0,0,0,1.004668,1.03999,0.63,0.53,7,3,144,117,15,261,1317,2,400,200,0.94,5,0.1,3,0.1,Bear
48,165,0,0,0,0,0,2,1.01716,1.032842,0.63,0.53,7,3,144,117,15,261,1317,2,400,200,0.94,5,0.1,3,0.1,Bear
48,170,0,0,0,0,0,0,1.01716,1.032842,0.63,0.53,7,3,144,117,15,261,1317,2,400,200,0.94,5,0.1,3,0.1,Bear
53,175,0,0,0,0,0,5,1.003517,1.034191,0.63,0.53,7,3,144,117,15,261,1317,2,400,200,0.94,5,0.1,3,0.1,Bear
55,180,0,0,0,0,0,2,0.99942,1.031844,0.63,0.53,7,3,144,117,15,261,1317,2,400,200,0.94,5,0.1,3,0.1,Bear
872,185,0,0,0,0,0,0,0,0,0,0,0,0,0,0,0,0,0,0,0,0,0,0,0,0,0,Grass
876,190,0,0,0,0,0,0,0,0,0,0,0,0,0,0,0,0,0,0,0,0,0,0,0,0,0,Grass
876,195,0,0,0,0,0,0,0,0,0,0,0,0,0,0,0,0,0,0,0,0,0,0,0,0,0,Grass
878,200,0,0,0,0,0,0,0,0,0,0,0,0,0,0,0,0,0,0,0,0,0,0,0,0,0,Grass
892,205,0,0,0,0,0,0,0,0,0,0,0,0,0,0,0,0,0,0,0,0,0,0,0,0,0,Grass
895,210,0,0,0,0,0,0,0,0,0,0,0,0,0,0,0,0,0,0,0,0,0,0,0,0,0,Grass
903,215,0,0,0,0,0,0,0,0,0,0,0,0,0,0,0,0,0,0,0,0,0,0,0,0,0,Grass
905,220,0,0,0,0,0,0,0,0,0,0,0,0,0,0,0,0,0,0,0,0,0,0,0,0,0,Grass
917,225,0,0,0,0,0,0,0,0,0,0,0,0,0,0,0,0,0,0,0,0,0,0,0,0,0,Grass
918,230,0,0,0,0,0,0,0,0,0,0,0,0,0,0,0,0,0,0,0,0,0,0,0,0,0,Grass
937,235,0,0,0,0,0,0,0,0,0,0,0,0,0,0,0,0,0,0,0,0,0,0,0,0,0,Grass
940,240,0,0,0,0,0,0,0,0,0,0,0,0,0,0,0,0,0,0,0,0,0,0,0,0,0,Grass
195,185,2,0,2,7,11,25,1.030523,1.030559,0.5,0.3,3,5,48,39,15,87,525,3,200,200,1,5,0.1,3,0.1,Deer
204,190,0,0,3,7,10,18,1.034905,1.024953,0.5,0.3,3,5,48,39,15,87,525,3,200,200,1,5,0.1,3,0.1,Deer
206,195,1,1,1,1,4,6,1.031359,1.026426,0.5,0.3,3,5,48,39,15,87,525,3,200,200,1,5,0.1,3,0.1,Deer
197,200,0,0,3,7,10,0,1.03173,1.028119,0.5,0.3,3,5,48,39,15,87,525,3,200,200,1,5,0.1,3,0.1,Deer
185,205,1,4,1,12,18,0,1.034773,1.027316,0.5,0.3,3,5,48,39,15,87,525,3,200,200,1,5,0.1,3,0.1,Deer
180,210,0,0,0,7,7,6,1.032799,1.030861,0.5,0.3,3,5,48,39,15,87,525,3,200,200,1,5,0.1,3,0.1,Deer
174,215,0,1,1,4,6,0,1.034991,1.030911,0.5,0.3,3,5,48,39,15,87,525,3,200,200,1,5,0.1,3,0.1,Deer
164,220,1,0,3,12,16,0,1.038447,1.02936,0.5,0.3,3,5,48,39,15,87,525,3,200,200,1,5,0.1,3,0.1,Deer
158,225,0,0,0,4,4,0,1.037083,1.029044,0.5,0.3,3,5,48,39,15,87,525,3,200,200,1,5,0.1,3,0.1,Deer
159,230,0,2,1,5,8,8,1.043442,1.024039,0.5,0.3,3,5,48,39,15,87,525,3,200,200,1,5,0.1,3,0.1,Deer
153,235,0,1,1,4,6,0,1.044342,1.02449,0.5,0.3,3,5,48,39,15,87,525,3,200,200,1,5,0.1,3,0.1,Deer
146,240,0,1,0,8,9,3,1.038566,1.02288,0.5,0.3,3,5,48,39,15,87,525,3,200,200,1,5,0.1,3,0.1,Deer
56,185,1,0,0,0,1,2,1.000493,1.035337,0.63,0.53,7,3,144,117,15,261,1317,2,400,200,0.94,5,0.1,3,0.1,Bear
68,190,0,0,0,0,0,12,0.9996728,1.012944,0.63,0.53,7,3,144,117,15,261,1317,2,400,200,0.94,5,0.1,3,0.1,Bear
68,195,0,0,0,0,0,0,0.9996728,1.012944,0.63,0.53,7,3,144,117,15,261,1317,2,400,200,0.94,5,0.1,3,0.1,Bear
69,200,0,0,0,0,0,1,1.00202,1.008963,0.63,0.53,7,3,144,117,15,261,1317,2,400,200,0.94,5,0.1,3,0.1,Bear
69,205,0,0,0,0,0,0,1.00202,1.008963,0.63,0.53,7,3,144,117,15,261,1317,2,400,200,0.94,5,0.1,3,0.1,Bear
69,210,0,0,0,0,0,0,1.00202,1.008963,0.63,0.53,7,3,144,117,15,261,1317,2,400,200,0.94,5,0.1,3,0.1,Bear
68,215,1,0,0,0,1,0,1.003833,1.008372,0.63,0.53,7,3,144,117,15,261,1317,2,400,200,0.94,5,0.1,3,0.1,Bear
67,220,1,0,0,0,1,0,1.003279,1.010128,0.63,0.53,7,3,144,117,15,261,1317,2,400,200,0.94,5,0.1,3,0.1,Bear
74,225,0,0,0,0,0,7,1.008171,1.017586,0.63,0.53,7,3,144,117,15,261,1317,2,400,200,0.94,5,0.1,3,0.1,Bear
74,230,0,0,0,0,0,0,1.008171,1.017586,0.63,0.53,7,3,144,117,15,261,1317,2,400,200,0.94,5,0.1,3,0.1,Bear
74,235,0,0,0,0,0,0,1.008171,1.017586,0.63,0.53,7,3,144,117,15,261,1317,2,400,200,0.94,5,0.1,3,0.1,Bear
74,240,0,0,0,0,0,0,1.008171,1.017586,0.63,0.53,7,3,144,117,15,261,1317,2,400,200,0.94,5,0.1,3,0.1,Bear
917,245,0,0,0,0,0,0,0,0,0,0,0,0,0,0,0,0,0,0,0,0,0,0,0,0,0,Grass
916,250,0,0,0,0,0,0,0,0,0,0,0,0,0,0,0,0,0,0,0,0,0,0,0,0,0,Grass
914,255,0,0,0,0,0,0,0,0,0,0,0,0,0,0,0,0,0,0,0,0,0,0,0,0,0,Grass
911,260,0,0,0,0,0,0,0,0,0,0,0,0,0,0,0,0,0,0,0,0,0,0,0,0,0,Grass
903,265,0,0,0,0,0,0,0,0,0,0,0,0,0,0,0,0,0,0,0,0,0,0,0,0,0,Grass
901,270,0,0,0,0,0,0,0,0,0,0,0,0,0,0,0,0,0,0,0,0,0,0,0,0,0,Grass
897,275,0,0,0,0,0,0,0,0,0,0,0,0,0,0,0,0,0,0,0,0,0,0,0,0,0,Grass
895,280,0,0,0,0,0,0,0,0,0,0,0,0,0,0,0,0,0,0,0,0,0,0,0,0,0,Grass
890,285,0,0,0,0,0,0,0,0,0,0,0,0,0,0,0,0,0,0,0,0,0,0,0,0,0,Grass
891,290,0,0,0,0,0,0,0,0,0,0,0,0,0,0,0,0,0,0,0,0,0,0,0,0,0,Grass
895,295,0,0,0,0,0,0,0,0,0,0,0,0,0,0,0,0,0,0,0,0,0,0,0,0,0,Grass
892,300,0,0,0,0,0,0,0,0,0,0,0,0,0,0,0,0,0,0,0,0,0,0,0,0,0,Grass
145,245,2,1,0,4,7,4,1.032492,1.024072,0.5,0.3,3,5,48,39,15,87,525,3,200,200,1,5,0.1,3,0.1,Deer
139,250,0,2,0,4,6,0,1.034703,1.028457,0.5,0.3,3,5,48,39,15,87,525,3,200,200,1,5,0.1,3,0.1,Deer
129,255,0,1,3,8,12,0,1.027437,1.02204,0.5,0.3,3,5,48,39,15,87,525,3,200,200,1,5,0.1,3,0.1,Deer
120,260,0,0,0,11,11,0,1.029167,1.022116,0.5,0.3,3,5,48,39,15,87,525,3,200,200,1,5,0.1,3,0.1,Deer
112,265,0,0,1,9,10,0,1.020173,1.022447,0.5,0.3,3,5,48,39,15,87,525,3,200,200,1,5,0.1,3,0.1,Deer
106,270,0,1,0,6,7,0,1.019369,1.026153,0.5,0.3,3,5,48,39,15,87,525,3,200,200,1,5,0.1,3,0.1,Deer
105,275,1,0,0,6,7,6,1.015292,1.035814,0.5,0.3,3,5,48,39,15,87,525,3,200,200,1,5,0.1,3,0.1,Deer
103,280,1,0,0,7,8,2,1.015656,1.035865,0.5,0.3,3,5,48,39,15,87,525,3,200,200,1,5,0.1,3,0.1,Deer
97,285,1,0,0,5,6,0,1.012616,1.041114,0.5,0.3,3,5,48,39,15,87,525,3,200,200,1,5,0.1,3,0.1,Deer
93,290,0,0,0,7,7,1,1.019979,1.04305,0.5,0.3,3,5,48,39,15,87,525,3,200,200,1,5,0.1,3,0.1,Deer
93,295,0,0,0,0,0,1,1.013111,1.045008,0.5,0.3,3,5,48,39,15,87,525,3,200,200,1,5,0.1,3,0.1,Deer
91,300,0,0,0,8,8,1,1.013802,1.037527,0.5,0.3,3,5,48,39,15,87,525,3,200,200,1,5,0.1,3,0.1,Deer
73,245,1,0,0,0,1,0,1.010156,1.018021,0.63,0.53,7,3,144,117,15,261,1317,2,400,200,0.94,5,0.1,3,0.1,Bear
73,250,0,0,0,0,0,0,1.010156,1.018021,0.63,0.53,7,3,144,117,15,261,1317,2,400,200,0.94,5,0.1,3,0.1,Bear
75,255,0,0,0,0,0,2,1.016832,1.021095,0.63,0.53,7,3,144,117,15,261,1317,2,400,200,0.94,5,0.1,3,0.1,Bear
75,260,0,0,0,0,0,0,1.016832,1.021095,0.63,0.53,7,3,144,117,15,261,1317,2,400,200,0.94,5,0.1,3,0.1,Bear
75,265,0,0,0,0,0,0,1.016832,1.021095,0.63,0.53,7,3,144,117,15,261,1317,2,400,200,0.94,5,0.1,3,0.1,Bear
75,270,0,0,0,0,0,0,1.016832,1.021095,0.63,0.53,7,3,144,117,15,261,1317,2,400,200,0.94,5,0.1,3,0.1,Bear
74,275,1,0,0,0,1,0,1.0138,1.01899,0.63,0.53,7,3,144,117,15,261,1317,2,400,200,0.94,5,0.1,3,0.1,Bear
74,280,0,0,0,0,0,0,1.0138,1.01899,0.63,0.53,7,3,144,117,15,261,1317,2,400,200,0.94,5,0.1,3,0.1,Bear
78,285,0,0,0,0,0,4,1.00725,1.026867,0.63,0.53,7,3,144,117,15,261,1317,2,400,200,0.94,5,0.1,3,0.1,Bear
78,290,0,0,0,0,0,0,1.00725,1.026867,0.63,0.53,7,3,144,117,15,261,1317,2,400,200,0.94,5,0.1,3,0.1,Bear
78,295,0,0,0,0,0,0,1.00725,1.026867,0.63,0.53,7,3,144,117,15,261,1317,2,400,200,0.94,5,0.1,3,0.1,Bear
78,300,0,0,0,0,0,0,1.00725,1.026867,0.63,0.53,7,3,144,117,15,261,1317,2,400,200,0.94,5,0.1,3,0.1,Bear
927,305,0,0,0,0,0,0,0,0,0,0,0,0,0,0,0,0,0,0,0,0,0,0,0,0,0,Grass
931,310,0,0,0,0,0,0,0,0,0,0,0,0,0,0,0,0,0,0,0,0,0,0,0,0,0,Grass
944,315,0,0,0,0,0,0,0,0,0,0,0,0,0,0,0,0,0,0,0,0,0,0,0,0,0,Grass
951,320,0,0,0,0,0,0,0,0,0,0,0,0,0,0,0,0,0,0,0,0,0,0,0,0,0,Grass
964,325,0,0,0,0,0,0,0,0,0,0,0,0,0,0,0,0,0,0,0,0,0,0,0,0,0,Grass
965,330,0,0,0,0,0,0,0,0,0,0,0,0,0,0,0,0,0,0,0,0,0,0,0,0,0,Grass
976,335,0,0,0,0,0,0,0,0,0,0,0,0,0,0,0,0,0,0,0,0,0,0,0,0,0,Grass
978,340,0,0,0,0,0,0,0,0,0,0,0,0,0,0,0,0,0,0,0,0,0,0,0,0,0,Grass
981,345,0,0,0,0,0,0,0,0,0,0,0,0,0,0,0,0,0,0,0,0,0,0,0,0,0,Grass
982,350,0,0,0,0,0,0,0,0,0,0,0,0,0,0,0,0,0,0,0,0,0,0,0,0,0,Grass
982,355,0,0,0,0,0,0,0,0,0,0,0,0,0,0,0,0,0,0,0,0,0,0,0,0,0,Grass
984,360,0,0,0,0,0,0,0,0,0,0,0,0,0,0,0,0,0,0,0,0,0,0,0,0,0,Grass
112,305,0,0,0,3,3,28,0.9904437,1.060106,0.5,0.3,3,5,48,39,15,87,525,3,200,200,1,5,0.1,3,0.1,Deer
122,310,0,0,0,1,1,11,0.9806955,1.082372,0.5,0.3,3,5,48,39,15,87,525,3,200,200,1,5,0.1,3,0.1,Deer
124,315,0,1,0,7,8,6,0.9895687,1.086328,0.5,0.3,3,5,48,39,15,87,525,3,200,200,1,5,0.1,3,0.1,Deer
124,320,0,0,0,4,4,4,0.9858229,1.091569,0.5,0.3,3,5,48,39,15,87,525,3,200,200,1,5,0.1,3,0.1,Deer
128,325,1,1,0,4,6,10,0.9909984,1.078771,0.5,0.3,3,5,48,39,15,87,525,3,200,200,1,5,0.1,3,0.1,Deer
125,330,0,0,0,4,4,0,0.992047,1.080524,0.5,0.3,3,5,48,39,15,87,525,3,200,200,1,5,0.1,3,0.1,Deer
118,335,0,0,0,8,8,0,0.9888831,1.082536,0.5,0.3,3,5,48,39,15,87,525,3,200,200,1,5,0.1,3,0.1,Deer
116,340,0,1,1,0,2,0,0.9935879,1.084813,0.5,0.3,3,5,48,39,15,87,525,3,200,200,1,5,0.1,3,0.1,Deer
114,345,1,0,2,0,3,0,0.9945764,1.084014,0.5,0.3,3,5,48,39,15,87,525,3,200,200,1,5,0.1,3,0.1,Deer
109,350,0,0,0,3,3,0,0.9948472,1.079046,0.5,0.3,3,5,48,39,15,87,525,3,200,200,1,5,0.1,3,0.1,Deer
108,355,1,1,0,1,3,2,0.9884145,1.08479,0.5,0.3,3,5,48,39,15,87,525,3,200,200,1,5,0.1,3,0.1,Deer
101,360,1,1,0,8,10,0,0.979178,1.08348,0.5,0.3,3,5,48,39,15,87,525,3,200,200,1,5,0.1,3,0.1,Deer
79,305,0,0,0,0,0,1,1.006363,1.029957,0.63,0.53,7,3,144,117,15,261,1317,2,400,200,0.94,5,0.1,3,0.1,Bear
79,310,0,0,0,0,0,0,1.006363,1.029957,0.63,0.53,7,3,144,117,15,261,1317,2,400,200,0.94,5,0.1,3,0.1,Bear
79,315,0,0,0,0,0,0,1.006363,1.029957,0.63,0.53,7,3,144,117,15,261,1317,2,400,200,0.94,5,0.1,3,0.1,Bear
79,320,0,0,0,0,0,0,1.006363,1.029957,0.63,0.53,7,3,144,117,15,261,1317,2,400,200,0.94,5,0.1,3,0.1,Bear
79,325,0,1,1,0,1,0,1.006363,1.029957,0.63,0.53,7,3,144,117,15,261,1317,2,400,200,0.94,5,0.1,3,0.1,Bear
80,330,0,0,0,0,0,2,1.00894,1.031834,0.63,0.53,7,3,144,117,15,261,1317,2,400,200,0.94,5,0.1,3,0.1,Bear
77,335,3,0,0,0,3,0,1.007248,1.029314,0.63,0.53,7,3,144,117,15,261,1317,2,400,200,0.94,5,0.1,3,0.1,Bear
76,340,0,1,0,0,1,0,1.003289,1.032911,0.63,0.53,7,3,144,117,15,261,1317,2,400,200,0.94,5,0.1,3,0.1,Bear
76,345,0,0,0,0,0,0,1.003289,1.032911,0.63,0.53,7,3,144,117,15,261,1317,2,400,200,0.94,5,0.1,3,0.1,Bear
76,350,0,0,0,0,0,0,1.003289,1.032911,0.63,0.53,7,3,144,117,15,261,1317,2,400,200,0.94,5,0.1,3,0.1,Bear
76,355,0,0,0,0,0,0,1.003289,1.032911,0.63,0.53,7,3,144,117,15,261,1317,2,400,200,0.94,5,0.1,3,0.1,Bear
76,360,0,0,1,0,1,1,1.004235,1.038949,0.63,0.53,7,3,144,117,15,261,1317,2,400,200,0.94,5,0.1,3,0.1,Bear
987,365,0,0,0,0,0,0,0,0,0,0,0,0,0,0,0,0,0,0,0,0,0,0,0,0,0,Grass
987,370,0,0,0,0,0,0,0,0,0,0,0,0,0,0,0,0,0,0,0,0,0,0,0,0,0,Grass
989,375,0,0,0,0,0,0,0,0,0,0,0,0,0,0,0,0,0,0,0,0,0,0,0,0,0,Grass
989,380,0,0,0,0,0,0,0,0,0,0,0,0,0,0,0,0,0,0,0,0,0,0,0,0,0,Grass
990,385,0,0,0,0,0,0,0,0,0,0,0,0,0,0,0,0,0,0,0,0,0,0,0,0,0,Grass
991,390,0,0,0,0,0,0,0,0,0,0,0,0,0,0,0,0,0,0,0,0,0,0,0,0,0,Grass
991,395,0,0,0,0,0,0,0,0,0,0,0,0,0,0,0,0,0,0,0,0,0,0,0,0,0,Grass
991,400,0,0,0,0,0,0,0,0,0,0,0,0,0,0,0,0,0,0,0,0,0,0,0,0,0,Grass
997,405,0,0,0,0,0,0,0,0,0,0,0,0,0,0,0,0,0,0,0,0,0,0,0,0,0,Grass
997,410,0,0,0,0,0,0,0,0,0,0,0,0,0,0,0,0,0,0,0,0,0,0,0,0,0,Grass
997,415,0,0,0,0,0,0,0,0,0,0,0,0,0,0,0,0,0,0,0,0,0,0,0,0,0,Grass
998,420,0,0,0,0,0,0,0,0,0,0,0,0,0,0,0,0,0,0,0,0,0,0,0,0,0,Grass
96,365,0,0,1,2,3,0,0.9706406,1.088864,0.5,0.3,3,5,48,39,15,87,525,3,200,200,1,5,0.1,3,0.1,Deer
90,370,0,0,0,8,8,0,0.96093,1.097952,0.5,0.3,3,5,48,39,15,87,525,3,200,200,1,5,0.1,3,0.1,Deer
86,375,0,1,2,3,5,0,0.9556293,1.105249,0.5,0.3,3,5,48,39,15,87,525,3,200,200,1,5,0.1,3,0.1,Deer
82,380,1,0,0,5,6,0,0.9530724,1.114685,0.5,0.3,3,5,48,39,15,87,525,3,200,200,1,5,0.1,3,0.1,Deer
78,385,0,0,0,2,2,0,0.9466164,1.120648,0.5,0.3,3,5,48,39,15,87,525,3,200,200,1,5,0.1,3,0.1,Deer
77,390,0,0,0,1,1,0,0.9421058,1.121715,0.5,0.3,3,5,48,39,15,87,525,3,200,200,1,5,0.1,3,0.1,Deer
77,395,0,0,0,1,1,0,0.9421058,1.121715,0.5,0.3,3,5,48,39,15,87,525,3,200,200,1,5,0.1,3,0.1,Deer
74,400,1,0,0,3,4,0,0.9357374,1.124206,0.5,0.3,3,5,48,39,15,87,525,3,200,200,1,5,0.1,3,0.1,Deer
70,405,0,1,0,3,4,0,0.9356697,1.12052,0.5,0.3,3,5,48,39,15,87,525,3,200,200,1,5,0.1,3,0.1,Deer
66,410,0,1,1,3,4,0,0.9372791,1.131599,0.5,0.3,3,5,48,39,15,87,525,3,200,200,1,5,0.1,3,0.1,Deer
61,415,0,0,0,5,5,0,0.9208883,1.131686,0.5,0.3,3,5,48,39,15,87,525,3,200,200,1,5,0.1,3,0.1,Deer
60,420,0,0,0,6,6,0,0.9146855,1.13544,0.5,0.3,3,5,48,39,15,87,525,3,200,200,1,5,0.1,3,0.1,Deer
73,365,2,0,1,0,3,0,1.00794,1.039866,0.63,0.53,7,3,144,117,15,261,1317,2,400,200,0.94,5,0.1,3,0.1,Bear
73,370,0,0,0,0,0,0,1.00794,1.039866,0.63,0.53,7,3,144,117,15,261,1317,2,400,200,0.94,5,0.1,3,0.1,Bear
72,375,1,0,0,0,1,0,1.006038,1.036266,0.63,0.53,7,3,144,117,15,261,1317,2,400,200,0.94,5,0.1,3,0.1,Bear
72,380,0,0,0,0,0,0,1.006038,1.036266,0.63,0.53,7,3,144,117,15,261,1317,2,400,200,0.94,5,0.1,3,0.1,Bear
72,385,0,0,0,0,0,0,1.006038,1.036266,0.63,0.53,7,3,144,117,15,261,1317,2,400,200,0.94,5,0.1,3,0.1,Bear
71,390,0,1,0,0,1,0,1.007673,1.037752,0.63,0.53,7,3,144,117,15,261,1317,2,400,200,0.94,5,0.1,3,0.1,Bear
70,395,1,1,0,0,2,0,1.007073,1.038268,0.63,0.53,7,3,144,117,15,261,1317,2,400,200,0.94,5,0.1,3,0.1,Bear
69,400,0,0,0,0,0,0,1.005424,1.039396,0.63,0.53,7,3,144,117,15,261,1317,2,400,200,0.94,5,0.1,3,0.1,Bear
68,405,0,0,1,0,1,0,1.006031,1.042853,0.63,0.53,7,3,144,117,15,261,1317,2,400,200,0.94,5,0.1,3,0.1,Bear
68,410,0,0,0,0,0,0,1.006031,1.042853,0.63,0.53,7,3,144,117,15,261,1317,2,400,200,0.94,5,0.1,3,0.1,Bear
69,415,0,0,0,0,0,1,1.000677,1.03997,0.63,0.53,7,3,144,117,15,261,1317,2,400,200,0.94,5,0.1,3,0.1,Bear
69,420,0,1,0,0,1,0,1.000677,1.03997,0.63,0.53,7,3,144,117,15,261,1317,2,400,200,0.94,5,0.1,3,0.1,Bear
998,425,0,0,0,0,0,0,0,0,0,0,0,0,0,0,0,0,0,0,0,0,0,0,0,0,0,Grass
998,430,0,0,0,0,0,0,0,0,0,0,0,0,0,0,0,0,0,0,0,0,0,0,0,0,0,Grass
999,435,0,0,0,0,0,0,0,0,0,0,0,0,0,0,0,0,0,0,0,0,0,0,0,0,0,Grass
999,440,0,0,0,0,0,0,0,0,0,0,0,0,0,0,0,0,0,0,0,0,0,0,0,0,0,Grass
993,445,0,0,0,0,0,0,0,0,0,0,0,0,0,0,0,0,0,0,0,0,0,0,0,0,0,Grass
993,450,0,0,0,0,0,0,0,0,0,0,0,0,0,0,0,0,0,0,0,0,0,0,0,0,0,Grass
991,455,0,0,0,0,0,0,0,0,0,0,0,0,0,0,0,0,0,0,0,0,0,0,0,0,0,Grass
991,460,0,0,0,0,0,0,0,0,0,0,0,0,0,0,0,0,0,0,0,0,0,0,0,0,0,Grass
990,465,0,0,0,0,0,0,0,0,0,0,0,0,0,0,0,0,0,0,0,0,0,0,0,0,0,Grass
990,470,0,0,0,0,0,0,0,0,0,0,0,0,0,0,0,0,0,0,0,0,0,0,0,0,0,Grass
989,475,0,0,0,0,0,0,0,0,0,0,0,0,0,0,0,0,0,0,0,0,0,0,0,0,0,Grass
989,480,0,0,0,0,0,0,0,0,0,0,0,0,0,0,0,0,0,0,0,0,0,0,0,0,0,Grass
56,425,1,0,1,0,2,0,0.9082214,1.137211,0.5,0.3,3,5,48,39,15,87,525,3,200,200,1,5,0.1,3,0.1,Deer
54,430,0,0,0,2,2,0,0.9084828,1.139007,0.5,0.3,3,5,48,39,15,87,525,3,200,200,1,5,0.1,3,0.1,Deer
53,435,0,0,1,0,1,0,0.9075137,1.14135,0.5,0.3,3,5,48,39,15,87,525,3,200,200,1,5,0.1,3,0.1,Deer
51,440,0,0,0,2,2,0,0.9048734,1.143521,0.5,0.3,3,5,48,39,15,87,525,3,200,200,1,5,0.1,3,0.1,Deer
51,445,0,0,0,0,0,0,0.9048734,1.143521,0.5,0.3,3,5,48,39,15,87,525,3,200,200,1,5,0.1,3,0.1,Deer
50,450,0,0,0,1,1,0,0.9053186,1.149542,0.5,0.3,3,5,48,39,15,87,525,3,200,200,1,5,0.1,3,0.1,Deer
49,455,1,0,0,0,1,0,0.9034199,1.153646,0.5,0.3,3,5,48,39,15,87,525,3,200,200,1,5,0.1,3,0.1,Deer
49,460,0,0,0,0,0,0,0.9034199,1.153646,0.5,0.3,3,5,48,39,15,87,525,3,200,200,1,5,0.1,3,0.1,Deer
49,465,0,0,0,0,0,0,0.9034199,1.153646,0.5,0.3,3,5,48,39,15,87,525,3,200,200,1,5,0.1,3,0.1,Deer
47,470,0,0,1,1,2,0,0.9094092,1.158576,0.5,0.3,3,5,48,39,15,87,525,3,200,200,1,5,0.1,3,0.1,Deer
46,475,0,1,1,0,1,0,0.9001387,1.164173,0.5,0.3,3,5,48,39,15,87,525,3,200,200,1,5,0.1,3,0.1,Deer
46,480,0,0,0,0,0,0,0.9001387,1.164173,0.5,0.3,3,5,48,39,15,87,525,3,200,200,1,5,0.1,3,0.1,Deer
64,425,2,2,0,0,4,0,1.011824,1.036761,0.63,0.53,7,3,144,117,15,261,1317,2,400,200,0.94,5,0.1,3,0.1,Bear
64,430,0,0,0,0,0,0,1.011824,1.036761,0.63,0.53,7,3,144,117,15,261,1317,2,400,200,0.94,5,0.1,3,0.1,Bear
62,435,0,2,1,0,3,0,1.010772,1.041848,0.63,0.53,7,3,144,117,15,261,1317,2,400,200,0.94,5,0.1,3,0.1,Bear
60,440,1,2,0,0,3,1,1.002087,1.039408,0.63,0.53,7,3,144,117,15,261,1317,2,400,200,0.94,5,0.1,3,0.1,Bear
59,445,0,0,0,0,0,0,1.003143,1.038995,0.63,0.53,7,3,144,117,15,261,1317,2,400,200,0.94,5,0.1,3,0.1,Bear
57,450,0,1,2,0,2,0,1.002212,1.043028,0.63,0.53,7,3,144,117,15,261,1317,2,400,200,0.94,5,0.1,3,0.1,Bear
55,455,2,0,0,0,2,0,1.001245,1.042457,0.63,0.53,7,3,144,117,15,261,1317,2,400,200,0.94,5,0.1,3,0.1,Bear
55,460,0,0,0,0,0,0,1.001245,1.042457,0.63,0.53,7,3,144,117,15,261,1317,2,400,200,0.94,5,0.1,3,0.1,Bear
58,465,0,0,0,0,0,3,0.9963022,1.042382,0.63,0.53,7,3,144,117,15,261,1317,2,400,200,0.94,5,0.1,3,0.1,Bear
58,470,0,2,0,0,2,2,0.9967974,1.050554,0.63,0.53,7,3,144,117,15,261,1317,2,400,200,0.94,5,0.1,3,0.1,Bear
58,475,0,0,0,0,0,0,0.9967974,1.050554,0.63,0.53,7,3,144,117,15,261,1317,2,400,200,0.94,5,0.1,3,0.1,Bear
56,480,0,2,0,0,2,0,0.9982676,1.054862,0.63,0.53,7,3,144,117,15,261,1317,2,400,200,0.94,5,0.1,3,0.1,Bear
988,485,0,0,0,0,0,0,0,0,0,0,0,0,0,0,0,0,0,0,0,0,0,0,0,0,0,Grass
988,490,0,0,0,0,0,0,0,0,0,0,0,0,0,0,0,0,0,0,0,0,0,0,0,0,0,Grass
988,495,0,0,0,0,0,0,0,0,0,0,0,0,0,0,0,0,0,0,0,0,0,0,0,0,0,Grass
988,500,0,0,0,0,0,0,0,0,0,0,0,0,0,0,0,0,0,0,0,0,0,0,0,0,0,Grass
995,505,0,0,0,0,0,0,0,0,0,0,0,0,0,0,0,0,0,0,0,0,0,0,0,0,0,Grass
995,510,0,0,0,0,0,0,0,0,0,0,0,0,0,0,0,0,0,0,0,0,0,0,0,0,0,Grass
997,515,0,0,0,0,0,0,0,0,0,0,0,0,0,0,0,0,0,0,0,0,0,0,0,0,0,Grass
997,520,0,0,0,0,0,0,0,0,0,0,0,0,0,0,0,0,0,0,0,0,0,0,0,0,0,Grass
996,525,0,0,0,0,0,0,0,0,0,0,0,0,0,0,0,0,0,0,0,0,0,0,0,0,0,Grass
996,530,0,0,0,0,0,0,0,0,0,0,0,0,0,0,0,0,0,0,0,0,0,0,0,0,0,Grass
993,535,0,0,0,0,0,0,0,0,0,0,0,0,0,0,0,0,0,0,0,0,0,0,0,0,0,Grass
993,540,0,0,0,0,0,0,0,0,0,0,0,0,0,0,0,0,0,0,0,0,0,0,0,0,0,Grass
45,485,0,0,0,1,1,0,0.8983787,1.159307,0.5,0.3,3,5,48,39,15,87,525,3,200,200,1,5,0.1,3,0.1,Deer
44,490,0,1,0,1,2,0,0.8915912,1.164523,0.5,0.3,3,5,48,39,15,87,525,3,200,200,1,5,0.1,3,0.1,Deer
43,495,0,0,0,0,0,0,0.8932478,1.162271,0.5,0.3,3,5,48,39,15,87,525,3,200,200,1,5,0.1,3,0.1,Deer
44,500,0,0,0,0,0,1,0.8957264,1.162179,0.5,0.3,3,5,48,39,15,87,525,3,200,200,1,5,0.1,3,0.1,Deer
43,505,0,1,0,0,1,0,0.8893636,1.16616,0.5,0.3,3,5,48,39,15,87,525,3,200,200,1,5,0.1,3,0.1,Deer
42,510,0,0,1,2,3,0,0.8907259,1.164712,0.5,0.3,3,5,48,39,15,87,525,3,200,200,1,5,0.1,3,0.1,Deer
43,515,2,1,0,0,3,5,0.8842808,1.156586,0.5,0.3,3,5,48,39,15,87,525,3,200,200,1,5,0.1,3,0.1,Deer
41,520,0,0,1,0,1,0,0.8746421,1.160647,0.5,0.3,3,5,48,39,15,87,525,3,200,200,1,5,0.1,3,0.1,Deer
40,525,0,0,1,0,1,0,0.8752385,1.166388,0.5,0.3,3,5,48,39,15,87,525,3,200,200,1,5,0.1,3,0.1,Deer
36,530,0,1,2,1,4,0,0.8636866,1.178912,0.5,0.3,3,5,48,39,15,87,525,3,200,200,1,5,0.1,3,0.1,Deer
35,535,0,0,0,1,1,0,0.8631019,1.180028,0.5,0.3,3,5,48,39,15,87,525,3,200,200,1,5,0.1,3,0.1,Deer
33,540,1,1,0,0,2,0,0.858978,1.187287,0.5,0.3,3,5,48,39,15,87,525,3,200,200,1,5,0.1,3,0.1,Deer
54,485,2,0,0,0,2,0,0.9929692,1.059614,0.63,0.53,7,3,144,117,15,261,1317,2,400,200,0.94,5,0.1,3,0.1,Bear
54,490,0,0,0,0,0,0,0.9929692,1.059614,0.63,0.53,7,3,144,117,15,261,1317,2,400,200,0.94,5,0.1,3,0.1,Bear
53,495,0,2,0,0,2,0,0.9932885,1.056309,0.63,0.53,7,3,144,117,15,261,1317,2,400,200,0.94,5,0.1,3,0.1,Bear
52,500,0,0,0,0,0,0,0.9948788,1.059507,0.63,0.53,7,3,144,117,15,261,1317,2,400,200,0.94,5,0.1,3,0.1,Bear
52,505,0,0,0,0,0,0,0.9948788,1.059507,0.63,0.53,7,3,144,117,15,261,1317,2,400,200,0.94,5,0.1,3,0.1,Bear
51,510,0,1,0,0,1,0,0.9912048,1.064266,0.63,0.53,7,3,144,117,15,261,1317,2,400,200,0.94,5,0.1,3,0.1,Bear
51,515,0,0,0,0,0,0,0.9912048,1.064266,0.63,0.53,7,3,144,117,15,261,1317,2,400,200,0.94,5,0.1,3,0.1,Bear
51,520,0,2,1,0,2,1,0.9939298,1.069435,0.63,0.53,7,3,144,117,15,261,1317,2,400,200,0.94,5,0.1,3,0.1,Bear
50,525,0,1,0,0,1,0,0.9901533,1.074812,0.63,0.53,7,3,144,117,15,261,1317,2,400,200,0.94,5,0.1,3,0.1,Bear
49,530,0,0,0,0,0,0,0.9904808,1.073164,0.63,0.53,7,3,144,117,15,261,1317,2,400,200,0.94,5,0.1,3,0.1,Bear
49,535,0,0,0,0,0,0,0.9904808,1.073164,0.63,0.53,7,3,144,117,15,261,1317,2,400,200,0.94,5,0.1,3,0.1,Bear
49,540,0,0,0,0,0,0,0.9904808,1.073164,0.63,0.53,7,3,144,117,15,261,1317,2,400,200,0.94,5,0.1,3,0.1,Bear
994,545,0,0,0,0,0,0,0,0,0,0,0,0,0,0,0,0,0,0,0,0,0,0,0,0,0,Grass
993,550,0,0,0,0,0,0,0,0,0,0,0,0,0,0,0,0,0,0,0,0,0,0,0,0,0,Grass
991,555,0,0,0,0,0,0,0,0,0,0,0,0,0,0,0,0,0,0,0,0,0,0,0,0,0,Grass
991,560,0,0,0,0,0,0,0,0,0,0,0,0,0,0,0,0,0,0,0,0,0,0,0,0,0,Grass
990,565,0,0,0,0,0,0,0,0,0,0,0,0,0,0,0,0,0,0,0,0,0,0,0,0,0,Grass
990,570,0,0,0,0,0,0,0,0,0,0,0,0,0,0,0,0,0,0,0,0,0,0,0,0,0,Grass
990,575,0,0,0,0,0,0,0,0,0,0,0,0,0,0,0,0,0,0,0,0,0,0,0,0,0,Grass
990,580,0,0,0,0,0,0,0,0,0,0,0,0,0,0,0,0,0,0,0,0,0,0,0,0,0,Grass
992,585,0,0,0,0,0,0,0,0,0,0,0,0,0,0,0,0,0,0,0,0,0,0,0,0,0,Grass
992,590,0,0,0,0,0,0,0,0,0,0,0,0,0,0,0,0,0,0,0,0,0,0,0,0,0,Grass
996,595,0,0,0,0,0,0,0,0,0,0,0,0,0,0,0,0,0,0,0,0,0,0,0,0,0,Grass
996,600,0,0,0,0,0,0,0,0,0,0,0,0,0,0,0,0,0,0,0,0,0,0,0,0,0,Grass
33,545,0,0,0,0,0,0,0.858978,1.187287,0.5,0.3,3,5,48,39,15,87,525,3,200,200,1,5,0.1,3,0.1,Deer
32,550,1,0,0,0,1,0,0.8561457,1.181088,0.5,0.3,3,5,48,39,15,87,525,3,200,200,1,5,0.1,3,0.1,Deer
29,555,0,2,1,2,5,0,0.8352983,1.182352,0.5,0.3,3,5,48,39,15,87,525,3,200,200,1,5,0.1,3,0.1,Deer
28,560,0,0,0,0,0,0,0.8264148,1.188696,0.5,0.3,3,5,48,39,15,87,525,3,200,200,1,5,0.1,3,0.1,Deer
27,565,0,1,0,1,2,0,0.8270198,1.192351,0.5,0.3,3,5,48,39,15,87,525,3,200,200,1,5,0.1,3,0.1,Deer
25,570,0,0,0,2,2,0,0.8235369,1.212606,0.5,0.3,3,5,48,39,15,87,525,3,200,200,1,5,0.1,3,0.1,Deer
25,575,0,2,1,1,3,0,0.8235369,1.212606,0.5,0.3,3,5,48,39,15,87,525,3,200,200,1,5,0.1,3,0.1,Deer
20,580,0,1,0,1,2,0,0.8257619,1.219626,0.5,0.3,3,5,48,39,15,87,525,3,200,200,1,5,0.1,3,0.1,Deer
19,585,0,0,0,1,1,0,0.8150228,1.21248,0.5,0.3,3,5,48,39,15,87,525,3,200,200,1,5,0.1,3,0.1,Deer
19,590,0,1,0,0,1,0,0.8150228,1.21248,0.5,0.3,3,5,48,39,15,87,525,3,200,200,1,5,0.1,3,0.1,Deer
17,595,0,1,0,1,2,0,0.7973916,1.21467,0.5,0.3,3,5,48,39,15,87,525,3,200,200,1,5,0.1,3,0.1,Deer
13,600,0,1,0,2,3,0,0.7639295,1.25225,0.5,0.3,3,5,48,39,15,87,525,3,200,200,1,5,0.1,3,0.1,Deer
46,545,0,4,1,0,4,0,0.9964723,1.078047,0.63,0.53,7,3,144,117,15,261,1317,2,400,200,0.94,5,0.1,3,0.1,Bear
45,550,0,0,0,0,0,0,0.9967862,1.082828,0.63,0.53,7,3,144,117,15,261,1317,2,400,200,0.94,5,0.1,3,0.1,Bear
45,555,0,0,0,0,0,0,0.9967862,1.082828,0.63,0.53,7,3,144,117,15,261,1317,2,400,200,0.94,5,0.1,3,0.1,Bear
45,560,0,0,0,0,0,0,0.9967862,1.082828,0.63,0.53,7,3,144,117,15,261,1317,2,400,200,0.94,5,0.1,3,0.1,Bear
43,565,0,2,0,0,2,0,0.993872,1.088262,0.63,0.53,7,3,144,117,15,261,1317,2,400,200,0.94,5,0.1,3,0.1,Bear
43,570,0,0,0,0,0,0,0.993872,1.088262,0.63,0.53,7,3,144,117,15,261,1317,2,400,200,0.94,5,0.1,3,0.1,Bear
41,575,0,2,0,0,2,0,0.9861918,1.093444,0.63,0.53,7,3,144,117,15,261,1317,2,400,200,0.94,5,0.1,3,0.1,Bear
39,580,0,2,0,0,2,0,0.9850436,1.098115,0.63,0.53,7,3,144,117,15,261,1317,2,400,200,0.94,5,0.1,3,0.1,Bear
38,585,0,1,0,0,1,0,0.9906481,1.096731,0.63,0.53,7,3,144,117,15,261,1317,2,400,200,0.94,5,0.1,3,0.1,Bear
39,590,0,0,0,0,0,1,0.9836813,1.093607,0.63,0.53,7,3,144,117,15,261,1317,2,400,200,0.94,5,0.1,3,0.1,Bear
37,595,0,2,0,0,2,0,0.9880986,1.100034,0.63,0.53,7,3,144,117,15,261,1317,2,400,200,0.94,5,0.1,3,0.1,Bear
36,600,0,1,0,0,1,0,0.988108,1.105781,0.63,0.53,7,3,144,117,15,261,1317,2,400,200,0.94,5,0.1,3,0.1,Bear
992,605,0,0,0,0,0,0,0,0,0,0,0,0,0,0,0,0,0,0,0,0,0,0,0,0,0,Grass
991,610,0,0,0,0,0,0,0,0,0,0,0,0,0,0,0,0,0,0,0,0,0,0,0,0,0,Grass
990,615,0,0,0,0,0,0,0,0,0,0,0,0,0,0,0,0,0,0,0,0,0,0,0,0,0,Grass
989,620,0,0,0,0,0,0,0,0,0,0,0,0,0,0,0,0,0,0,0,0,0,0,0,0,0,Grass
987,625,0,0,0,0,0,0,0,0,0,0,0,0,0,0,0,0,0,0,0,0,0,0,0,0,0,Grass
987,630,0,0,0,0,0,0,0,0,0,0,0,0,0,0,0,0,0,0,0,0,0,0,0,0,0,Grass
986,635,0,0,0,0,0,0,0,0,0,0,0,0,0,0,0,0,0,0,0,0,0,0,0,0,0,Grass
986,640,0,0,0,0,0,0,0,0,0,0,0,0,0,0,0,0,0,0,0,0,0,0,0,0,0,Grass
986,645,0,0,0,0,0,0,0,0,0,0,0,0,0,0,0,0,0,0,0,0,0,0,0,0,0,Grass
986,650,0,0,0,0,0,0,0,0,0,0,0,0,0,0,0,0,0,0,0,0,0,0,0,0,0,Grass
986,655,0,0,0,0,0,0,0,0,0,0,0,0,0,0,0,0,0,0,0,0,0,0,0,0,0,Grass
986,660,0,0,0,0,0,0,0,0,0,0,0,0,0,0,0,0,0,0,0,0,0,0,0,0,0,Grass
13,605,0,0,0,0,0,0,0.7639295,1.25225,0.5,0.3,3,5,48,39,15,87,525,3,200,200,1,5,0.1,3,0.1,Deer
13,610,0,0,0,0,0,0,0.7639295,1.25225,0.5,0.3,3,5,48,39,15,87,525,3,200,200,1,5,0.1,3,0.1,Deer
12,615,0,1,0,0,1,0,0.7724463,1.269561,0.5,0.3,3,5,48,39,15,87,525,3,200,200,1,5,0.1,3,0.1,Deer
11,620,0,0,1,0,1,0,0.7738192,1.285496,0.5,0.3,3,5,48,39,15,87,525,3,200,200,1,5,0.1,3,0.1,Deer
11,625,0,0,0,0,0,0,0.7738192,1.285496,0.5,0.3,3,5,48,39,15,87,525,3,200,200,1,5,0.1,3,0.1,Deer
10,630,0,0,0,1,1,0,0.7509705,1.29822,0.5,0.3,3,5,48,39,15,87,525,3,200,200,1,5,0.1,3,0.1,Deer
8,635,2,0,0,0,2,0,0.7560516,1.255226,0.5,0.3,3,5,48,39,15,87,525,3,200,200,1,5,0.1,3,0.1,Deer
6,640,1,0,0,1,2,0,0.7537708,1.287546,0.5,0.3,3,5,48,39,15,87,525,3,200,200,1,5,0.1,3,0.1,Deer
6,645,0,0,0,0,0,0,0.7537708,1.287546,0.5,0.3,3,5,48,39,15,87,525,3,200,200,1,5,0.1,3,0.1,Deer
6,650,0,0,0,0,0,0,0.7537708,1.287546,0.5,0.3,3,5,48,39,15,87,525,3,200,200,1,5,0.1,3,0.1,Deer
6,655,0,0,0,0,0,0,0.7537708,1.287546,0.5,0.3,3,5,48,39,15,87,525,3,200,200,1,5,0.1,3,0.1,Deer
9,660,0,0,0,0,0,3,0.7732788,1.248774,0.5,0.3,3,5,48,39,15,87,525,3,200,200,1,5,0.1,3,0.1,Deer
36,605,1,0,0,0,1,0,0.988108,1.105781,0.63,0.53,7,3,144,117,15,261,1317,2,400,200,0.94,5,0.1,3,0.1,Bear
34,610,0,1,0,0,1,0,0.9887108,1.11649,0.63,0.53,7,3,144,117,15,261,1317,2,400,200,0.94,5,0.1,3,0.1,Bear
34,615,0,0,0,0,0,0,0.9887108,1.11649,0.63,0.53,7,3,144,117,15,261,1317,2,400,200,0.94,5,0.1,3,0.1,Bear
33,620,1,0,0,0,1,0,0.9843848,1.120956,0.63,0.53,7,3,144,117,15,261,1317,2,400,200,0.94,5,0.1,3,0.1,Bear
33,625,0,0,0,0,0,0,0.9843848,1.120956,0.63,0.53,7,3,144,117,15,261,1317,2,400,200,0.94,5,0.1,3,0.1,Bear
33,630,0,0,0,0,0,0,0.9843848,1.120956,0.63,0.53,7,3,144,117,15,261,1317,2,400,200,0.94,5,0.1,3,0.1,Bear
32,635,0,1,0,0,1,0,0.9783983,1.121664,0.63,0.53,7,3,144,117,15,261,1317,2,400,200,0.94,5,0.1,3,0.1,Bear
30,640,0,2,0,0,2,0,0.9609388,1.133651,0.63,0.53,7,3,144,117,15,261,1317,2,400,200,0.94,5,0.1,3,0.1,Bear
26,645,2,2,0,0,4,0,0.9603878,1.135031,0.63,0.53,7,3,144,117,15,261,1317,2,400,200,0.94,5,0.1,3,0.1,Bear
25,650,0,1,0,0,1,0,0.9742298,1.147083,0.63,0.53,7,3,144,117,15,261,1317,2,400,200,0.94,5,0.1,3,0.1,Bear
24,655,0,2,0,0,2,0,0.9662784,1.145259,0.63,0.53,7,3,144,117,15,261,1317,2,400,200,0.94,5,0.1,3,0.1,Bear
23,660,0,0,0,0,0,0,0.9614645,1.149793,0.63,0.53,7,3,144,117,15,261,1317,2,400,200,0.94,5,0.1,3,0.1,Bear
990,665,0,0,0,0,0,0,0,0,0,0,0,0,0,0,0,0,0,0,0,0,0,0,0,0,0,Grass
992,670,0,0,0,0,0,0,0,0,0,0,0,0,0,0,0,0,0,0,0,0,0,0,0,0,0,Grass
995,675,0,0,0,0,0,0,0,0,0,0,0,0,0,0,0,0,0,0,0,0,0,0,0,0,0,Grass
996,680,0,0,0,0,0,0,0,0,0,0,0,0,0,0,0,0,0,0,0,0,0,0,0,0,0,Grass
999,685,0,0,0,0,0,0,0,0,0,0,0,0,0,0,0,0,0,0,0,0,0,0,0,0,0,Grass
999,690,0,0,0,0,0,0,0,0,0,0,0,0,0,0,0,0,0,0,0,0,0,0,0,0,0,Grass
1000,695,0,0,0,0,0,0,0,0,0,0,0,0,0,0,0,0,0,0,0,0,0,0,0,0,0,Grass
1000,700,0,0,0,0,0,0,0,0,0,0,0,0,0,0,0,0,0,0,0,0,0,0,0,0,0,Grass
1000,705,0,0,0,0,0,0,0,0,0,0,0,0,0,0,0,0,0,0,0,0,0,0,0,0,0,Grass
1000,710,0,0,0,0,0,0,0,0,0,0,0,0,0,0,0,0,0,0,0,0,0,0,0,0,0,Grass
1000,715,0,0,0,0,0,0,0,0,0,0,0,0,0,0,0,0,0,0,0,0,0,0,0,0,0,Grass
1000,720,0,0,0,0,0,0,0,0,0,0,0,0,0,0,0,0,0,0,0,0,0,0,0,0,0,Grass
12,665,0,0,0,0,0,3,0.7942332,1.270301,0.5,0.3,3,5,48,39,15,87,525,3,200,200,1,5,0.1,3,0.1,Deer
10,670,0,0,1,1,2,0,0.7821285,1.2536,0.5,0.3,3,5,48,39,15,87,525,3,200,200,1,5,0.1,3,0.1,Deer
10,675,0,0,0,0,0,0,0.7821285,1.2536,0.5,0.3,3,5,48,39,15,87,525,3,200,200,1,5,0.1,3,0.1,Deer
10,680,0,0,0,0,0,0,0.7821285,1.2536,0.5,0.3,3,5,48,39,15,87,525,3,200,200,1,5,0.1,3,0.1,Deer
10,685,0,0,0,0,0,0,0.7821285,1.2536,0.5,0.3,3,5,48,39,15,87,525,3,200,200,1,5,0.1,3,0.1,Deer
10,690,0,0,0,0,0,0,0.7821285,1.2536,0.5,0.3,3,5,48,39,15,87,525,3,200,200,1,5,0.1,3,0.1,Deer
7,695,2,0,0,1,3,0,0.792609,1.260728,0.5,0.3,3,5,48,39,15,87,525,3,200,200,1,5,0.1,3,0.1,Deer
7,700,0,0,0,0,0,0,0.792609,1.260728,0.5,0.3,3,5,48,39,15,87,525,3,200,200,1,5,0.1,3,0.1,Deer
7,705,0,0,0,0,0,0,0.792609,1.260728,0.5,0.3,3,5,48,39,15,87,525,3,200,200,1,5,0.1,3,0.1,Deer
7,710,0,0,0,0,0,0,0.792609,1.260728,0.5,0.3,3,5,48,39,15,87,525,3,200,200,1,5,0.1,3,0.1,Deer
6,715,0,0,0,1,1,0,0.7968851,1.306421,0.5,0.3,3,5,48,39,15,87,525,3,200,200,1,5,0.1,3,0.1,Deer
6,720,0,0,0,0,0,0,0.7968851,1.306421,0.5,0.3,3,5,48,39,15,87,525,3,200,200,1,5,0.1,3,0.1,Deer
21,665,1,1,0,0,2,0,0.9635251,1.155138,0.63,0.53,7,3,144,117,15,261,1317,2,400,200,0.94,5,0.1,3,0.1,Bear
21,670,0,0,0,0,0,0,0.9635251,1.155138,0.63,0.53,7,3,144,117,15,261,1317,2,400,200,0.94,5,0.1,3,0.1,Bear
19,675,0,2,0,0,2,0,0.9683,1.172332,0.63,0.53,7,3,144,117,15,261,1317,2,400,200,0.94,5,0.1,3,0.1,Bear
19,680,0,0,0,0,0,0,0.9683,1.172332,0.63,0.53,7,3,144,117,15,261,1317,2,400,200,0.94,5,0.1,3,0.1,Bear
17,685,0,2,0,0,2,0,0.970601,1.181845,0.63,0.53,7,3,144,117,15,261,1317,2,400,200,0.94,5,0.1,3,0.1,Bear
17,690,0,0,0,0,0,0,0.970601,1.181845,0.63,0.53,7,3,144,117,15,261,1317,2,400,200,0.94,5,0.1,3,0.1,Bear
17,695,0,0,0,0,0,0,0.970601,1.181845,0.63,0.53,7,3,144,117,15,261,1317,2,400,200,0.94,5,0.1,3,0.1,Bear
17,700,0,1,0,0,1,0,0.970601,1.181845,0.63,0.53,7,3,144,117,15,261,1317,2,400,200,0.94,5,0.1,3,0.1,Bear
14,705,1,1,0,0,2,0,0.9533826,1.204835,0.63,0.53,7,3,144,117,15,261,1317,2,400,200,0.94,5,0.1,3,0.1,Bear
14,710,0,0,0,0,0,0,0.9533826,1.204835,0.63,0.53,7,3,144,117,15,261,1317,2,400,200,0.94,5,0.1,3,0.1,Bear
15,715,0,1,0,0,1,2,0.9922062,1.21131,0.63,0.53,7,3,144,117,15,261,1317,2,400,200,0.94,5,0.1,3,0.1,Bear
15,720,0,0,0,0,0,0,0.9922062,1.21131,0.63,0.53,7,3,144,117,15,261,1317,2,400,200,0.94,5,0.1,3,0.1,Bear
1000,725,0,0,0,0,0,0,0,0,0,0,0,0,0,0,0,0,0,0,0,0,0,0,0,0,0,Grass
1000,730,0,0,0,0,0,0,0,0,0,0,0,0,0,0,0,0,0,0,0,0,0,0,0,0,0,Grass
1000,735,0,0,0,0,0,0,0,0,0,0,0,0,0,0,0,0,0,0,0,0,0,0,0,0,0,Grass
1000,740,0,0,0,0,0,0,0,0,0,0,0,0,0,0,0,0,0,0,0,0,0,0,0,0,0,Grass
1000,745,0,0,0,0,0,0,0,0,0,0,0,0,0,0,0,0,0,0,0,0,0,0,0,0,0,Grass
1000,750,0,0,0,0,0,0,0,0,0,0,0,0,0,0,0,0,0,0,0,0,0,0,0,0,0,Grass
1000,755,0,0,0,0,0,0,0,0,0,0,0,0,0,0,0,0,0,0,0,0,0,0,0,0,0,Grass
1000,760,0,0,0,0,0,0,0,0,0,0,0,0,0,0,0,0,0,0,0,0,0,0,0,0,0,Grass
1000,765,0,0,0,0,0,0,0,0,0,0,0,0,0,0,0,0,0,0,0,0,0,0,0,0,0,Grass
1000,770,0,0,0,0,0,0,0,0,0,0,0,0,0,0,0,0,0,0,0,0,0,0,0,0,0,Grass
1000,775,0,0,0,0,0,0,0,0,0,0,0,0,0,0,0,0,0,0,0,0,0,0,0,0,0,Grass
1000,780,0,0,0,0,0,0,0,0,0,0,0,0,0,0,0,0,0,0,0,0,0,0,0,0,0,Grass
6,725,0,0,0,0,0,0,0.7968851,1.306421,0.5,0.3,3,5,48,39,15,87,525,3,200,200,1,5,0.1,3,0.1,Deer
6,730,0,0,0,0,0,0,0.7968851,1.306421,0.5,0.3,3,5,48,39,15,87,525,3,200,200,1,5,0.1,3,0.1,Deer
6,735,0,0,0,0,0,0,0.7968851,1.306421,0.5,0.3,3,5,48,39,15,87,525,3,200,200,1,5,0.1,3,0.1,Deer
6,740,0,0,0,0,0,0,0.7968851,1.306421,0.5,0.3,3,5,48,39,15,87,525,3,200,200,1,5,0.1,3,0.1,Deer
6,745,0,0,0,0,0,0,0.7968851,1.306421,0.5,0.3,3,5,48,39,15,87,525,3,200,200,1,5,0.1,3,0.1,Deer
6,750,0,0,0,0,0,0,0.7968851,1.306421,0.5,0.3,3,5,48,39,15,87,525,3,200,200,1,5,0.1,3,0.1,Deer
6,755,0,0,0,0,0,0,0.7968851,1.306421,0.5,0.3,3,5,48,39,15,87,525,3,200,200,1,5,0.1,3,0.1,Deer
5,760,0,0,0,1,1,0,0.8069027,1.283418,0.5,0.3,3,5,48,39,15,87,525,3,200,200,1,5,0.1,3,0.1,Deer
5,765,0,0,0,0,0,0,0.8069027,1.283418,0.5,0.3,3,5,48,39,15,87,525,3,200,200,1,5,0.1,3,0.1,Deer
5,770,0,0,0,0,0,0,0.8069027,1.283418,0.5,0.3,3,5,48,39,15,87,525,3,200,200,1,5,0.1,3,0.1,Deer
5,775,0,0,0,0,0,0,0.8069027,1.283418,0.5,0.3,3,5,48,39,15,87,525,3,200,200,1,5,0.1,3,0.1,Deer
5,780,0,0,0,0,0,0,0.8069027,1.283418,0.5,0.3,3,5,48,39,15,87,525,3,200,200,1,5,0.1,3,0.1,Deer
14,725,0,1,0,0,1,0,0.9890171,1.221515,0.63,0.53,7,3,144,117,15,261,1317,2,400,200,0.94,5,0.1,3,0.1,Bear
14,730,0,1,0,0,1,0,0.9890171,1.221515,0.63,0.53,7,3,144,117,15,261,1317,2,400,200,0.94,5,0.1,3,0.1,Bear
13,735,0,0,0,0,0,0,1.003682,1.226155,0.63,0.53,7,3,144,117,15,261,1317,2,400,200,0.94,5,0.1,3,0.1,Bear
13,740,0,0,0,0,0,0,1.003682,1.226155,0.63,0.53,7,3,144,117,15,261,1317,2,400,200,0.94,5,0.1,3,0.1,Bear
13,745,0,0,0,0,0,0,1.003682,1.226155,0.63,0.53,7,3,144,117,15,261,1317,2,400,200,0.94,5,0.1,3,0.1,Bear
13,750,0,1,0,0,1,0,1.003682,1.226155,0.63,0.53,7,3,144,117,15,261,1317,2,400,200,0.94,5,0.1,3,0.1,Bear
11,755,0,1,0,0,1,0,1.032503,1.234231,0.63,0.53,7,3,144,117,15,261,1317,2,400,200,0.94,5,0.1,3,0.1,Bear
11,760,0,0,0,0,0,0,1.032503,1.234231,0.63,0.53,7,3,144,117,15,261,1317,2,400,200,0.94,5,0.1,3,0.1,Bear
11,765,0,0,0,0,0,0,1.032503,1.234231,0.63,0.53,7,3,144,117,15,261,1317,2,400,200,0.94,5,0.1,3,0.1,Bear
11,770,0,0,0,0,0,0,1.032503,1.234231,0.63,0.53,7,3,144,117,15,261,1317,2,400,200,0.94,5,0.1,3,0.1,Bear
10,775,0,1,0,0,1,0,1.038164,1.227648,0.63,0.53,7,3,144,117,15,261,1317,2,400,200,0.94,5,0.1,3,0.1,Bear
10,780,0,0,0,0,0,0,1.038164,1.227648,0.63,0.53,7,3,144,117,15,261,1317,2,400,200,0.94,5,0.1,3,0.1,Bear
1000,785,0,0,0,0,0,0,0,0,0,0,0,0,0,0,0,0,0,0,0,0,0,0,0,0,0,Grass
1000,790,0,0,0,0,0,0,0,0,0,0,0,0,0,0,0,0,0,0,0,0,0,0,0,0,0,Grass
1000,795,0,0,0,0,0,0,0,0,0,0,0,0,0,0,0,0,0,0,0,0,0,0,0,0,0,Grass
1000,800,0,0,0,0,0,0,0,0,0,0,0,0,0,0,0,0,0,0,0,0,0,0,0,0,0,Grass
1000,805,0,0,0,0,0,0,0,0,0,0,0,0,0,0,0,0,0,0,0,0,0,0,0,0,0,Grass
1000,810,0,0,0,0,0,0,0,0,0,0,0,0,0,0,0,0,0,0,0,0,0,0,0,0,0,Grass
997,815,0,0,0,0,0,0,0,0,0,0,0,0,0,0,0,0,0,0,0,0,0,0,0,0,0,Grass
997,820,0,0,0,0,0,0,0,0,0,0,0,0,0,0,0,0,0,0,0,0,0,0,0,0,0,Grass
997,825,0,0,0,0,0,0,0,0,0,0,0,0,0,0,0,0,0,0,0,0,0,0,0,0,0,Grass
997,830,0,0,0,0,0,0,0,0,0,0,0,0,0,0,0,0,0,0,0,0,0,0,0,0,0,Grass
996,835,0,0,0,0,0,0,0,0,0,0,0,0,0,0,0,0,0,0,0,0,0,0,0,0,0,Grass
996,840,0,0,0,0,0,0,0,0,0,0,0,0,0,0,0,0,0,0,0,0,0,0,0,0,0,Grass
5,785,0,0,0,0,0,0,0.8069027,1.283418,0.5,0.3,3,5,48,39,15,87,525,3,200,200,1,5,0.1,3,0.1,Deer
5,790,0,0,0,0,0,0,0.8069027,1.283418,0.5,0.3,3,5,48,39,15,87,525,3,200,200,1,5,0.1,3,0.1,Deer
4,795,0,0,0,1,1,0,0.7946035,1.333336,0.5,0.3,3,5,48,39,15,87,525,3,200,200,1,5,0.1,3,0.1,Deer
4,800,0,0,0,0,0,0,0.7946035,1.333336,0.5,0.3,3,5,48,39,15,87,525,3,200,200,1,5,0.1,3,0.1,Deer
3,805,0,0,0,1,1,0,0.7980727,1.277751,0.5,0.3,3,5,48,39,15,87,525,3,200,200,1,5,0.1,3,0.1,Deer
3,810,0,0,0,0,0,0,0.7980727,1.277751,0.5,0.3,3,5,48,39,15,87,525,3,200,200,1,5,0.1,3,0.1,Deer
2,815,0,0,0,1,1,0,0.7316122,1.206218,0.5,0.3,3,5,48,39,15,87,525,3,200,200,1,5,0.1,3,0.1,Deer
2,820,0,0,0,0,0,0,0.7316122,1.206218,0.5,0.3,3,5,48,39,15,87,525,3,200,200,1,5,0.1,3,0.1,Deer
2,825,0,0,0,0,0,0,0.7316122,1.206218,0.5,0.3,3,5,48,39,15,87,525,3,200,200,1,5,0.1,3,0.1,Deer
2,830,0,0,0,0,0,0,0.7316122,1.206218,0.5,0.3,3,5,48,39,15,87,525,3,200,200,1,5,0.1,3,0.1,Deer
2,835,0,0,0,0,0,0,0.7316122,1.206218,0.5,0.3,3,5,48,39,15,87,525,3,200,200,1,5,0.1,3,0.1,Deer
2,840,0,0,0,0,0,0,0.7316122,1.206218,0.5,0.3,3,5,48,39,15,87,525,3,200,200,1,5,0.1,3,0.1,Deer
10,785,0,0,0,0,0,0,1.038164,1.227648,0.63,0.53,7,3,144,117,15,261,1317,2,400,200,0.94,5,0.1,3,0.1,Bear
9,790,0,1,0,0,1,0,1.010429,1.256822,0.63,0.53,7,3,144,117,15,261,1317,2,400,200,0.94,5,0.1,3,0.1,Bear
9,795,0,0,0,0,0,0,1.010429,1.256822,0.63,0.53,7,3,144,117,15,261,1317,2,400,200,0.94,5,0.1,3,0.1,Bear
8,800,1,0,0,0,1,0,1.046865,1.292062,0.63,0.53,7,3,144,117,15,261,1317,2,400,200,0.94,5,0.1,3,0.1,Bear
8,805,0,0,0,0,0,0,1.046865,1.292062,0.63,0.53,7,3,144,117,15,261,1317,2,400,200,0.94,5,0.1,3,0.1,Bear
8,810,0,0,0,0,0,0,1.046865,1.292062,0.63,0.53,7,3,144,117,15,261,1317,2,400,200,0.94,5,0.1,3,0.1,Bear
8,815,0,0,0,0,0,0,1.046865,1.292062,0.63,0.53,7,3,144,117,15,261,1317,2,400,200,0.94,5,0.1,3,0.1,Bear
8,820,0,0,0,0,0,0,1.046865,1.292062,0.63,0.53,7,3,144,117,15,261,1317,2,400,200,0.94,5,0.1,3,0.1,Bear
8,825,0,0,0,0,0,0,1.046865,1.292062,0.63,0.53,7,3,144,117,15,261,1317,2,400,200,0.94,5,0.1,3,0.1,Bear
8,830,0,0,0,0,0,0,1.046865,1.292062,0.63,0.53,7,3,144,117,15,261,1317,2,400,200,0.94,5,0.1,3,0.1,Bear
8,835,0,0,0,0,0,0,1.046865,1.292062,0.63,0.53,7,3,144,117,15,261,1317,2,400,200,0.94,5,0.1,3,0.1,Bear
8,840,0,0,0,0,0,0,1.046865,1.292062,0.63,0.53,7,3,144,117,15,261,1317,2,400,200,0.94,5,0.1,3,0.1,Bear
996,845,0,0,0,0,0,0,0,0,0,0,0,0,0,0,0,0,0,0,0,0,0,0,0,0,0,Grass
996,850,0,0,0,0,0,0,0,0,0,0,0,0,0,0,0,0,0,0,0,0,0,0,0,0,0,Grass
996,855,0,0,0,0,0,0,0,0,0,0,0,0,0,0,0,0,0,0,0,0,0,0,0,0,0,Grass
996,860,0,0,0,0,0,0,0,0,0,0,0,0,0,0,0,0,0,0,0,0,0,0,0,0,0,Grass
996,865,0,0,0,0,0,0,0,0,0,0,0,0,0,0,0,0,0,0,0,0,0,0,0,0,0,Grass
996,870,0,0,0,0,0,0,0,0,0,0,0,0,0,0,0,0,0,0,0,0,0,0,0,0,0,Grass
999,875,0,0,0,0,0,0,0,0,0,0,0,0,0,0,0,0,0,0,0,0,0,0,0,0,0,Grass
999,880,0,0,0,0,0,0,0,0,0,0,0,0,0,0,0,0,0,0,0,0,0,0,0,0,0,Grass
999,885,0,0,0,0,0,0,0,0,0,0,0,0,0,0,0,0,0,0,0,0,0,0,0,0,0,Grass
999,890,0,0,0,0,0,0,0,0,0,0,0,0,0,0,0,0,0,0,0,0,0,0,0,0,0,Grass
1000,895,0,0,0,0,0,0,0,0,0,0,0,0,0,0,0,0,0,0,0,0,0,0,0,0,0,Grass
1000,900,0,0,0,0,0,0,0,0,0,0,0,0,0,0,0,0,0,0,0,0,0,0,0,0,0,Grass
2,845,0,0,0,0,0,0,0.7316122,1.206218,0.5,0.3,3,5,48,39,15,87,525,3,200,200,1,5,0.1,3,0.1,Deer
1,850,0,0,0,1,1,0,0.7997659,1.216036,0.5,0.3,3,5,48,39,15,87,525,3,200,200,1,5,0.1,3,0.1,Deer
1,855,0,0,0,0,0,0,0.7997659,1.216036,0.5,0.3,3,5,48,39,15,87,525,3,200,200,1,5,0.1,3,0.1,Deer
1,860,0,0,0,0,0,0,0.7997659,1.216036,0.5,0.3,3,5,48,39,15,87,525,3,200,200,1,5,0.1,3,0.1,Deer
0,865,0,0,0,1,1,0,0,0,0,0,0,0,0,0,0,0,0,0,0,0,0,0,0,0,0,Deer
0,870,0,0,0,0,0,0,0,0,0,0,0,0,0,0,0,0,0,0,0,0,0,0,0,0,0,Deer
0,875,0,0,0,0,0,0,0,0,0,0,0,0,0,0,0,0,0,0,0,0,0,0,0,0,0,Deer
0,880,0,0,0,0,0,0,0,0,0,0,0,0,0,0,0,0,0,0,0,0,0,0,0,0,0,Deer
0,885,0,0,0,0,0,0,0,0,0,0,0,0,0,0,0,0,0,0,0,0,0,0,0,0,0,Deer
0,890,0,0,0,0,0,0,0,0,0,0,0,0,0,0,0,0,0,0,0,0,0,0,0,0,0,Deer
0,895,0,0,0,0,0,0,0,0,0,0,0,0,0,0,0,0,0,0,0,0,0,0,0,0,0,Deer
0,900,0,0,0,0,0,0,0,0,0,0,0,0,0,0,0,0,0,0,0,0,0,0,0,0,0,Deer
8,845,0,0,0,0,0,0,1.046865,1.292062,0.63,0.53,7,3,144,117,15,261,1317,2,400,200,0.94,5,0.1,3,0.1,Bear
8,850,0,0,0,0,0,0,1.046865,1.292062,0.63,0.53,7,3,144,117,15,261,1317,2,400,200,0.94,5,0.1,3,0.1,Bear
8,855,0,0,0,0,0,0,1.046865,1.292062,0.63,0.53,7,3,144,117,15,261,1317,2,400,200,0.94,5,0.1,3,0.1,Bear
8,860,0,0,0,0,0,0,1.046865,1.292062,0.63,0.53,7,3,144,117,15,261,1317,2,400,200,0.94,5,0.1,3,0.1,Bear
8,865,0,0,0,0,0,0,1.046865,1.292062,0.63,0.53,7,3,144,117,15,261,1317,2,400,200,0.94,5,0.1,3,0.1,Bear
8,870,0,0,0,0,0,0,1.046865,1.292062,0.63,0.53,7,3,144,117,15,261,1317,2,400,200,0.94,5,0.1,3,0.1,Bear
8,875,0,1,0,0,1,0,1.046865,1.292062,0.63,0.53,7,3,144,117,15,261,1317,2,400,200,0.94,5,0.1,3,0.1,Bear
7,880,0,0,0,0,0,0,1.034024,1.298229,0.63,0.53,7,3,144,117,15,261,1317,2,400,200,0.94,5,0.1,3,0.1,Bear
7,885,0,0,0,0,0,0,1.034024,1.298229,0.63,0.53,7,3,144,117,15,261,1317,2,400,200,0.94,5,0.1,3,0.1,Bear
7,890,0,0,0,0,0,0,1.034024,1.298229,0.63,0.53,7,3,144,117,15,261,1317,2,400,200,0.94,5,0.1,3,0.1,Bear
7,895,0,0,0,0,0,0,1.034024,1.298229,0.63,0.53,7,3,144,117,15,261,1317,2,400,200,0.94,5,0.1,3,0.1,Bear
7,900,0,0,0,0,0,0,1.034024,1.298229,0.63,0.53,7,3,144,117,15,261,1317,2,400,200,0.94,5,0.1,3,0.1,Bear
1000,905,0,0,0,0,0,0,0,0,0,0,0,0,0,0,0,0,0,0,0,0,0,0,0,0,0,Grass
1000,910,0,0,0,0,0,0,0,0,0,0,0,0,0,0,0,0,0,0,0,0,0,0,0,0,0,Grass
1000,915,0,0,0,0,0,0,0,0,0,0,0,0,0,0,0,0,0,0,0,0,0,0,0,0,0,Grass
1000,920,0,0,0,0,0,0,0,0,0,0,0,0,0,0,0,0,0,0,0,0,0,0,0,0,0,Grass
1000,925,0,0,0,0,0,0,0,0,0,0,0,0,0,0,0,0,0,0,0,0,0,0,0,0,0,Grass
1000,930,0,0,0,0,0,0,0,0,0,0,0,0,0,0,0,0,0,0,0,0,0,0,0,0,0,Grass
1000,935,0,0,0,0,0,0,0,0,0,0,0,0,0,0,0,0,0,0,0,0,0,0,0,0,0,Grass
1000,940,0,0,0,0,0,0,0,0,0,0,0,0,0,0,0,0,0,0,0,0,0,0,0,0,0,Grass
1000,945,0,0,0,0,0,0,0,0,0,0,0,0,0,0,0,0,0,0,0,0,0,0,0,0,0,Grass
1000,950,0,0,0,0,0,0,0,0,0,0,0,0,0,0,0,0,0,0,0,0,0,0,0,0,0,Grass
1000,955,0,0,0,0,0,0,0,0,0,0,0,0,0,0,0,0,0,0,0,0,0,0,0,0,0,Grass
1000,960,0,0,0,0,0,0,0,0,0,0,0,0,0,0,0,0,0,0,0,0,0,0,0,0,0,Grass
0,905,0,0,0,0,0,0,0,0,0,0,0,0,0,0,0,0,0,0,0,0,0,0,0,0,0,Deer
0,910,0,0,0,0,0,0,0,0,0,0,0,0,0,0,0,0,0,0,0,0,0,0,0,0,0,Deer
0,915,0,0,0,0,0,0,0,0,0,0,0,0,0,0,0,0,0,0,0,0,0,0,0,0,0,Deer
0,920,0,0,0,0,0,0,0,0,0,0,0,0,0,0,0,0,0,0,0,0,0,0,0,0,0,Deer
0,925,0,0,0,0,0,0,0,0,0,0,0,0,0,0,0,0,0,0,0,0,0,0,0,0,0,Deer
0,930,0,0,0,0,0,0,0,0,0,0,0,0,0,0,0,0,0,0,0,0,0,0,0,0,0,Deer
0,935,0,0,0,0,0,0,0,0,0,0,0,0,0,0,0,0,0,0,0,0,0,0,0,0,0,Deer
0,940,0,0,0,0,0,0,0,0,0,0,0,0,0,0,0,0,0,0,0,0,0,0,0,0,0,Deer
0,945,0,0,0,0,0,0,0,0,0,0,0,0,0,0,0,0,0,0,0,0,0,0,0,0,0,Deer
0,950,0,0,0,0,0,0,0,0,0,0,0,0,0,0,0,0,0,0,0,0,0,0,0,0,0,Deer
0,955,0,0,0,0,0,0,0,0,0,0,0,0,0,0,0,0,0,0,0,0,0,0,0,0,0,Deer
0,960,0,0,0,0,0,0,0,0,0,0,0,0,0,0,0,0,0,0,0,0,0,0,0,0,0,Deer
7,905,0,0,0,0,0,0,1.034024,1.298229,0.63,0.53,7,3,144,117,15,261,1317,2,400,200,0.94,5,0.1,3,0.1,Bear
7,910,0,0,0,0,0,0,1.034024,1.298229,0.63,0.53,7,3,144,117,15,261,1317,2,400,200,0.94,5,0.1,3,0.1,Bear
7,915,0,0,0,0,0,0,1.034024,1.298229,0.63,0.53,7,3,144,117,15,261,1317,2,400,200,0.94,5,0.1,3,0.1,Bear
7,920,0,0,0,0,0,0,1.034024,1.298229,0.63,0.53,7,3,144,117,15,261,1317,2,400,200,0.94,5,0.1,3,0.1,Bear
7,925,0,0,0,0,0,0,1.034024,1.298229,0.63,0.53,7,3,144,117,15,261,1317,2,400,200,0.94,5,0.1,3,0.1,Bear
7,930,0,0,0,0,0,0,1.034024,1.298229,0.63,0.53,7,3,144,117,15,261,1317,2,400,200,0.94,5,0.1,3,0.1,Bear
6,935,0,1,0,0,1,0,0.9791101,1.272524,0.63,0.53,7,3,144,117,15,261,1317,2,400,200,0.94,5,0.1,3,0.1,Bear
6,940,0,0,0,0,0,0,0.9791101,1.272524,0.63,0.53,7,3,144,117,15,261,1317,2,400,200,0.94,5,0.1,3,0.1,Bear
5,945,1,0,0,0,1,0,0.9282861,1.266717,0.63,0.53,7,3,144,117,15,261,1317,2,400,200,0.94,5,0.1,3,0.1,Bear
5,950,0,0,0,0,0,0,0.9282861,1.266717,0.63,0.53,7,3,144,117,15,261,1317,2,400,200,0.94,5,0.1,3,0.1,Bear
5,955,0,0,0,0,0,0,0.9282861,1.266717,0.63,0.53,7,3,144,117,15,261,1317,2,400,200,0.94,5,0.1,3,0.1,Bear
5,960,0,0,0,0,0,0,0.9282861,1.266717,0.63,0.53,7,3,144,117,15,261,1317,2,400,200,0.94,5,0.1,3,0.1,Bear
1000,965,0,0,0,0,0,0,0,0,0,0,0,0,0,0,0,0,0,0,0,0,0,0,0,0,0,Grass
1000,970,0,0,0,0,0,0,0,0,0,0,0,0,0,0,0,0,0,0,0,0,0,0,0,0,0,Grass
1000,975,0,0,0,0,0,0,0,0,0,0,0,0,0,0,0,0,0,0,0,0,0,0,0,0,0,Grass
1000,980,0,0,0,0,0,0,0,0,0,0,0,0,0,0,0,0,0,0,0,0,0,0,0,0,0,Grass
1000,985,0,0,0,0,0,0,0,0,0,0,0,0,0,0,0,0,0,0,0,0,0,0,0,0,0,Grass
1000,990,0,0,0,0,0,0,0,0,0,0,0,0,0,0,0,0,0,0,0,0,0,0,0,0,0,Grass
1000,995,0,0,0,0,0,0,0,0,0,0,0,0,0,0,0,0,0,0,0,0,0,0,0,0,0,Grass
1000,1000,0,0,0,0,0,0,0,0,0,0,0,0,0,0,0,0,0,0,0,0,0,0,0,0,0,Grass
1000,1005,0,0,0,0,0,0,0,0,0,0,0,0,0,0,0,0,0,0,0,0,0,0,0,0,0,Grass
1000,1010,0,0,0,0,0,0,0,0,0,0,0,0,0,0,0,0,0,0,0,0,0,0,0,0,0,Grass
1000,1015,0,0,0,0,0,0,0,0,0,0,0,0,0,0,0,0,0,0,0,0,0,0,0,0,0,Grass
1000,1020,0,0,0,0,0,0,0,0,0,0,0,0,0,0,0,0,0,0,0,0,0,0,0,0,0,Grass
0,965,0,0,0,0,0,0,0,0,0,0,0,0,0,0,0,0,0,0,0,0,0,0,0,0,0,Deer
0,970,0,0,0,0,0,0,0,0,0,0,0,0,0,0,0,0,0,0,0,0,0,0,0,0,0,Deer
0,975,0,0,0,0,0,0,0,0,0,0,0,0,0,0,0,0,0,0,0,0,0,0,0,0,0,Deer
0,980,0,0,0,0,0,0,0,0,0,0,0,0,0,0,0,0,0,0,0,0,0,0,0,0,0,Deer
0,985,0,0,0,0,0,0,0,0,0,0,0,0,0,0,0,0,0,0,0,0,0,0,0,0,0,Deer
0,990,0,0,0,0,0,0,0,0,0,0,0,0,0,0,0,0,0,0,0,0,0,0,0,0,0,Deer
0,995,0,0,0,0,0,0,0,0,0,0,0,0,0,0,0,0,0,0,0,0,0,0,0,0,0,Deer
0,1000,0,0,0,0,0,0,0,0,0,0,0,0,0,0,0,0,0,0,0,0,0,0,0,0,0,Deer
0,1005,0,0,0,0,0,0,0,0,0,0,0,0,0,0,0,0,0,0,0,0,0,0,0,0,0,Deer
0,1010,0,0,0,0,0,0,0,0,0,0,0,0,0,0,0,0,0,0,0,0,0,0,0,0,0,Deer
0,1015,0,0,0,0,0,0,0,0,0,0,0,0,0,0,0,0,0,0,0,0,0,0,0,0,0,Deer
0,1020,0,0,0,0,0,0,0,0,0,0,0,0,0,0,0,0,0,0,0,0,0,0,0,0,0,Deer
5,965,0,0,0,0,0,0,0.9282861,1.266717,0.63,0.53,7,3,144,117,15,261,1317,2,400,200,0.94,5,0.1,3,0.1,Bear
5,970,0,0,0,0,0,0,0.9282861,1.266717,0.63,0.53,7,3,144,117,15,261,1317,2,400,200,0.94,5,0.1,3,0.1,Bear
5,975,0,0,0,0,0,0,0.9282861,1.266717,0.63,0.53,7,3,144,117,15,261,1317,2,400,200,0.94,5,0.1,3,0.1,Bear
5,980,0,0,0,0,0,0,0.9282861,1.266717,0.63,0.53,7,3,144,117,15,261,1317,2,400,200,0.94,5,0.1,3,0.1,Bear
5,985,0,0,0,0,0,0,0.9282861,1.266717,0.63,0.53,7,3,144,117,15,261,1317,2,400,200,0.94,5,0.1,3,0.1,Bear
5,990,0,0,0,0,0,0,0.9282861,1.266717,0.63,0.53,7,3,144,117,15,261,1317,2,400,200,0.94,5,0.1,3,0.1,Bear
5,995,0,0,0,0,0,0,0.9282861,1.266717,0.63,0.53,7,3,144,117,15,261,1317,2,400,200,0.94,5,0.1,3,0.1,Bear
7,1000,0,0,0,0,0,2,0.9761173,1.277647,0.63,0.53,7,3,144,117,15,261,1317,2,400,200,0.94,5,0.1,3,0.1,Bear
6,1005,1,0,0,0,1,0,0.9848559,1.246813,0.63,0.53,7,3,144,117,15,261,1317,2,400,200,0.94,5,0.1,3,0.1,Bear
6,1010,0,0,0,0,0,0,0.9848559,1.246813,0.63,0.53,7,3,144,117,15,261,1317,2,400,200,0.94,5,0.1,3,0.1,Bear
6,1015,0,0,0,0,0,0,0.9848559,1.246813,0.63,0.53,7,3,144,117,15,261,1317,2,400,200,0.94,5,0.1,3,0.1,Bear
6,1020,0,0,0,0,0,0,0.9848559,1.246813,0.63,0.53,7,3,144,117,15,261,1317,2,400,200,0.94,5,0.1,3,0.1,Bear
1000,1025,0,0,0,0,0,0,0,0,0,0,0,0,0,0,0,0,0,0,0,0,0,0,0,0,0,Grass
1000,1030,0,0,0,0,0,0,0,0,0,0,0,0,0,0,0,0,0,0,0,0,0,0,0,0,0,Grass
1000,1035,0,0,0,0,0,0,0,0,0,0,0,0,0,0,0,0,0,0,0,0,0,0,0,0,0,Grass
1000,1040,0,0,0,0,0,0,0,0,0,0,0,0,0,0,0,0,0,0,0,0,0,0,0,0,0,Grass
1000,1045,0,0,0,0,0,0,0,0,0,0,0,0,0,0,0,0,0,0,0,0,0,0,0,0,0,Grass
1000,1050,0,0,0,0,0,0,0,0,0,0,0,0,0,0,0,0,0,0,0,0,0,0,0,0,0,Grass
1000,1055,0,0,0,0,0,0,0,0,0,0,0,0,0,0,0,0,0,0,0,0,0,0,0,0,0,Grass
1000,1060,0,0,0,0,0,0,0,0,0,0,0,0,0,0,0,0,0,0,0,0,0,0,0,0,0,Grass
1000,1065,0,0,0,0,0,0,0,0,0,0,0,0,0,0,0,0,0,0,0,0,0,0,0,0,0,Grass
1000,1070,0,0,0,0,0,0,0,0,0,0,0,0,0,0,0,0,0,0,0,0,0,0,0,0,0,Grass
1000,1075,0,0,0,0,0,0,0,0,0,0,0,0,0,0,0,0,0,0,0,0,0,0,0,0,0,Grass
1000,1080,0,0,0,0,0,0,0,0,0,0,0,0,0,0,0,0,0,0,0,0,0,0,0,0,0,Grass
0,1025,0,0,0,0,0,0,0,0,0,0,0,0,0,0,0,0,0,0,0,0,0,0,0,0,0,Deer
0,1030,0,0,0,0,0,0,0,0,0,0,0,0,0,0,0,0,0,0,0,0,0,0,0,0,0,Deer
0,1035,0,0,0,0,0,0,0,0,0,0,0,0,0,0,0,0,0,0,0,0,0,0,0,0,0,Deer
0,1040,0,0,0,0,0,0,0,0,0,0,0,0,0,0,0,0,0,0,0,0,0,0,0,0,0,Deer
0,1045,0,0,0,0,0,0,0,0,0,0,0,0,0,0,0,0,0,0,0,0,0,0,0,0,0,Deer
0,1050,0,0,0,0,0,0,0,0,0,0,0,0,0,0,0,0,0,0,0,0,0,0,0,0,0,Deer
0,1055,0,0,0,0,0,0,0,0,0,0,0,0,0,0,0,0,0,0,0,0,0,0,0,0,0,Deer
0,1060,0,0,0,0,0,0,0,0,0,0,0,0,0,0,0,0,0,0,0,0,0,0,0,0,0,Deer
0,1065,0,0,0,0,0,0,0,0,0,0,0,0,0,0,0,0,0,0,0,0,0,0,0,0,0,Deer
0,1070,0,0,0,0,0,0,0,0,0,0,0,0,0,0,0,0,0,0,0,0,0,0,0,0,0,Deer
0,1075,0,0,0,0,0,0,0,0,0,0,0,0,0,0,0,0,0,0,0,0,0,0,0,0,0,Deer
0,1080,0,0,0,0,0,0,0,0,0,0,0,0,0,0,0,0,0,0,0,0,0,0,0,0,0,Deer
6,1025,0,0,0,0,0,0,0.9848559,1.246813,0.63,0.53,7,3,144,117,15,261,1317,2,400,200,0.94,5,0.1,3,0.1,Bear
6,1030,0,0,0,0,0,0,0.9848559,1.246813,0.63,0.53,7,3,144,117,15,261,1317,2,400,200,0.94,5,0.1,3,0.1,Bear
6,1035,0,0,0,0,0,0,0.9848559,1.246813,0.63,0.53,7,3,144,117,15,261,1317,2,400,200,0.94,5,0.1,3,0.1,Bear
6,1040,0,0,0,0,0,0,0.9848559,1.246813,0.63,0.53,7,3,144,117,15,261,1317,2,400,200,0.94,5,0.1,3,0.1,Bear
6,1045,0,0,0,0,0,0,0.9848559,1.246813,0.63,0.53,7,3,144,117,15,261,1317,2,400,200,0.94,5,0.1,3,0.1,Bear
6,1050,1,0,0,0,1,0,0.9848559,1.246813,0.63,0.53,7,3,144,117,15,261,1317,2,400,200,0.94,5,0.1,3,0.1,Bear
5,1055,0,0,0,0,0,0,0.9943946,1.241989,0.63,0.53,7,3,144,117,15,261,1317,2,400,200,0.94,5,0.1,3,0.1,Bear
5,1060,0,0,0,0,0,0,0.9943946,1.241989,0.63,0.53,7,3,144,117,15,261,1317,2,400,200,0.94,5,0.1,3,0.1,Bear
5,1065,0,0,0,0,0,0,0.9943946,1.241989,0.63,0.53,7,3,144,117,15,261,1317,2,400,200,0.94,5,0.1,3,0.1,Bear
5,1070,0,0,0,0,0,0,0.9943946,1.241989,0.63,0.53,7,3,144,117,15,261,1317,2,400,200,0.94,5,0.1,3,0.1,Bear
4,1075,0,1,0,0,1,0,0.9981076,1.305024,0.63,0.53,7,3,144,117,15,261,1317,2,400,200,0.94,5,0.1,3,0.1,Bear
4,1080,0,0,0,0,0,0,0.9981076,1.305024,0.63,0.53,7,3,144,117,15,261,1317,2,400,200,0.94,5,0.1,3,0.1,Bear
1000,1085,0,0,0,0,0,0,0,0,0,0,0,0,0,0,0,0,0,0,0,0,0,0,0,0,0,Grass
1000,1090,0,0,0,0,0,0,0,0,0,0,0,0,0,0,0,0,0,0,0,0,0,0,0,0,0,Grass
1000,1095,0,0,0,0,0,0,0,0,0,0,0,0,0,0,0,0,0,0,0,0,0,0,0,0,0,Grass
1000,1100,0,0,0,0,0,0,0,0,0,0,0,0,0,0,0,0,0,0,0,0,0,0,0,0,0,Grass
1000,1105,0,0,0,0,0,0,0,0,0,0,0,0,0,0,0,0,0,0,0,0,0,0,0,0,0,Grass
1000,1110,0,0,0,0,0,0,0,0,0,0,0,0,0,0,0,0,0,0,0,0,0,0,0,0,0,Grass
1000,1115,0,0,0,0,0,0,0,0,0,0,0,0,0,0,0,0,0,0,0,0,0,0,0,0,0,Grass
1000,1120,0,0,0,0,0,0,0,0,0,0,0,0,0,0,0,0,0,0,0,0,0,0,0,0,0,Grass
1000,1125,0,0,0,0,0,0,0,0,0,0,0,0,0,0,0,0,0,0,0,0,0,0,0,0,0,Grass
1000,1130,0,0,0,0,0,0,0,0,0,0,0,0,0,0,0,0,0,0,0,0,0,0,0,0,0,Grass
1000,1135,0,0,0,0,0,0,0,0,0,0,0,0,0,0,0,0,0,0,0,0,0,0,0,0,0,Grass
1000,1140,0,0,0,0,0,0,0,0,0,0,0,0,0,0,0,0,0,0,0,0,0,0,0,0,0,Grass
0,1085,0,0,0,0,0,0,0,0,0,0,0,0,0,0,0,0,0,0,0,0,0,0,0,0,0,Deer
0,1090,0,0,0,0,0,0,0,0,0,0,0,0,0,0,0,0,0,0,0,0,0,0,0,0,0,Deer
0,1095,0,0,0,0,0,0,0,0,0,0,0,0,0,0,0,0,0,0,0,0,0,0,0,0,0,Deer
0,1100,0,0,0,0,0,0,0,0,0,0,0,0,0,0,0,0,0,0,0,0,0,0,0,0,0,Deer
0,1105,0,0,0,0,0,0,0,0,0,0,0,0,0,0,0,0,0,0,0,0,0,0,0,0,0,Deer
0,1110,0,0,0,0,0,0,0,0,0,0,0,0,0,0,0,0,0,0,0,0,0,0,0,0,0,Deer
0,1115,0,0,0,0,0,0,0,0,0,0,0,0,0,0,0,0,0,0,0,0,0,0,0,0,0,Deer
0,1120,0,0,0,0,0,0,0,0,0,0,0,0,0,0,0,0,0,0,0,0,0,0,0,0,0,Deer
0,1125,0,0,0,0,0,0,0,0,0,0,0,0,0,0,0,0,0,0,0,0,0,0,0,0,0,Deer
0,1130,0,0,0,0,0,0,0,0,0,0,0,0,0,0,0,0,0,0,0,0,0,0,0,0,0,Deer
0,1135,0,0,0,0,0,0,0,0,0,0,0,0,0,0,0,0,0,0,0,0,0,0,0,0,0,Deer
0,1140,0,0,0,0,0,0,0,0,0,0,0,0,0,0,0,0,0,0,0,0,0,0,0,0,0,Deer
3,1085,1,0,0,0,1,0,1.06474,1.343874,0.63,0.53,7,3,144,117,15,261,1317,2,400,200,0.94,5,0.1,3,0.1,Bear
3,1090,0,0,0,0,0,0,1.06474,1.343874,0.63,0.53,7,3,144,117,15,261,1317,2,400,200,0.94,5,0.1,3,0.1,Bear
3,1095,0,0,0,0,0,0,1.06474,1.343874,0.63,0.53,7,3,144,117,15,261,1317,2,400,200,0.94,5,0.1,3,0.1,Bear
3,1100,0,0,0,0,0,0,1.06474,1.343874,0.63,0.53,7,3,144,117,15,261,1317,2,400,200,0.94,5,0.1,3,0.1,Bear
3,1105,0,0,0,0,0,0,1.06474,1.343874,0.63,0.53,7,3,144,117,15,261,1317,2,400,200,0.94,5,0.1,3,0.1,Bear
3,1110,0,0,0,0,0,0,1.06474,1.343874,0.63,0.53,7,3,144,117,15,261,1317,2,400,200,0.94,5,0.1,3,0.1,Bear
3,1115,0,0,0,0,0,0,1.06474,1.343874,0.63,0.53,7,3,144,117,15,261,1317,2,400,200,0.94,5,0.1,3,0.1,Bear
3,1120,0,0,0,0,0,0,1.06474,1.343874,0.63,0.53,7,3,144,117,15,261,1317,2,400,200,0.94,5,0.1,3,0.1,Bear
3,1125,0,0,0,0,0,0,1.06474,1.343874,0.63,0.53,7,3,144,117,15,261,1317,2,400,200,0.94,5,0.1,3,0.1,Bear
3,1130,0,0,0,0,0,0,1.06474,1.343874,0.63,0.53,7,3,144,117,15,261,1317,2,400,200,0.94,5,0.1,3,0.1,Bear
3,1135,0,0,0,0,0,0,1.06474,1.343874,0.63,0.53,7,3,144,117,15,261,1317,2,400,200,0.94,5,0.1,3,0.1,Bear
3,1140,0,0,0,0,0,0,1.06474,1.343874,0.63,0.53,7,3,144,117,15,261,1317,2,400,200,0.94,5,0.1,3,0.1,Bear
1000,1145,0,0,0,0,0,0,0,0,0,0,0,0,0,0,0,0,0,0,0,0,0,0,0,0,0,Grass
1000,1150,0,0,0,0,0,0,0,0,0,0,0,0,0,0,0,0,0,0,0,0,0,0,0,0,0,Grass
1000,1155,0,0,0,0,0,0,0,0,0,0,0,0,0,0,0,0,0,0,0,0,0,0,0,0,0,Grass
1000,1160,0,0,0,0,0,0,0,0,0,0,0,0,0,0,0,0,0,0,0,0,0,0,0,0,0,Grass
1000,1165,0,0,0,0,0,0,0,0,0,0,0,0,0,0,0,0,0,0,0,0,0,0,0,0,0,Grass
1000,1170,0,0,0,0,0,0,0,0,0,0,0,0,0,0,0,0,0,0,0,0,0,0,0,0,0,Grass
1000,1175,0,0,0,0,0,0,0,0,0,0,0,0,0,0,0,0,0,0,0,0,0,0,0,0,0,Grass
1000,1180,0,0,0,0,0,0,0,0,0,0,0,0,0,0,0,0,0,0,0,0,0,0,0,0,0,Grass
1000,1185,0,0,0,0,0,0,0,0,0,0,0,0,0,0,0,0,0,0,0,0,0,0,0,0,0,Grass
1000,1190,0,0,0,0,0,0,0,0,0,0,0,0,0,0,0,0,0,0,0,0,0,0,0,0,0,Grass
1000,1195,0,0,0,0,0,0,0,0,0,0,0,0,0,0,0,0,0,0,0,0,0,0,0,0,0,Grass
1000,1200,0,0,0,0,0,0,0,0,0,0,0,0,0,0,0,0,0,0,0,0,0,0,0,0,0,Grass
0,1145,0,0,0,0,0,0,0,0,0,0,0,0,0,0,0,0,0,0,0,0,0,0,0,0,0,Deer
0,1150,0,0,0,0,0,0,0,0,0,0,0,0,0,0,0,0,0,0,0,0,0,0,0,0,0,Deer
0,1155,0,0,0,0,0,0,0,0,0,0,0,0,0,0,0,0,0,0,0,0,0,0,0,0,0,Deer
0,1160,0,0,0,0,0,0,0,0,0,0,0,0,0,0,0,0,0,0,0,0,0,0,0,0,0,Deer
0,1165,0,0,0,0,0,0,0,0,0,0,0,0,0,0,0,0,0,0,0,0,0,0,0,0,0,Deer
0,1170,0,0,0,0,0,0,0,0,0,0,0,0,0,0,0,0,0,0,0,0,0,0,0,0,0,Deer
0,1175,0,0,0,0,0,0,0,0,0,0,0,0,0,0,0,0,0,0,0,0,0,0,0,0,0,Deer
0,1180,0,0,0,0,0,0,0,0,0,0,0,0,0,0,0,0,0,0,0,0,0,0,0,0,0,Deer
0,1185,0,0,0,0,0,0,0,0,0,0,0,0,0,0,0,0,0,0,0,0,0,0,0,0,0,Deer
0,1190,0,0,0,0,0,0,0,0,0,0,0,0,0,0,0,0,0,0,0,0,0,0,0,0,0,Deer
0,1195,0,0,0,0,0,0,0,0,0,0,0,0,0,0,0,0,0,0,0,0,0,0,0,0,0,Deer
0,1200,0,0,0,0,0,0,0,0,0,0,0,0,0,0,0,0,0,0,0,0,0,0,0,0,0,Deer
3,1145,0,0,0,0,0,0,1.06474,1.343874,0.63,0.53,7,3,144,117,15,261,1317,2,400,200,0.94,5,0.1,3,0.1,Bear
3,1150,0,0,0,0,0,0,1.06474,1.343874,0.63,0.53,7,3,144,117,15,261,1317,2,400,200,0.94,5,0.1,3,0.1,Bear
3,1155,0,0,0,0,0,0,1.06474,1.343874,0.63,0.53,7,3,144,117,15,261,1317,2,400,200,0.94,5,0.1,3,0.1,Bear
3,1160,0,0,0,0,0,0,1.06474,1.343874,0.63,0.53,7,3,144,117,15,261,1317,2,400,200,0.94,5,0.1,3,0.1,Bear
3,1165,0,0,0,0,0,0,1.06474,1.343874,0.63,0.53,7,3,144,117,15,261,1317,2,400,200,0.94,5,0.1,3,0.1,Bear
3,1170,0,0,0,0,0,0,1.06474,1.343874,0.63,0.53,7,3,144,117,15,261,1317,2,400,200,0.94,5,0.1,3,0.1,Bear
3,1175,0,0,0,0,0,0,1.06474,1.343874,0.63,0.53,7,3,144,117,15,261,1317,2,400,200,0.94,5,0.1,3,0.1,Bear
3,1180,0,0,0,0,0,0,1.06474,1.343874,0.63,0.53,7,3,144,117,15,261,1317,2,400,200,0.94,5,0.1,3,0.1,Bear
3,1185,0,0,0,0,0,0,1.06474,1.343874,0.63,0.53,7,3,144,117,15,261,1317,2,400,200,0.94,5,0.1,3,0.1,Bear
3,1190,0,0,0,0,0,0,1.06474,1.343874,0.63,0.53,7,3,144,117,15,261,1317,2,400,200,0.94,5,0.1,3,0.1,Bear
3,1195,0,0,0,0,0,0,1.06474,1.343874,0.63,0.53,7,3,144,117,15,261,1317,2,400,200,0.94,5,0.1,3,0.1,Bear
3,1200,0,0,0,0,0,0,1.06474,1.343874,0.63,0.53,7,3,144,117,15,261,1317,2,400,200,0.94,5,0.1,3,0.1,Bear
1000,1205,0,0,0,0,0,0,0,0,0,0,0,0,0,0,0,0,0,0,0,0,0,0,0,0,0,Grass
1000,1210,0,0,0,0,0,0,0,0,0,0,0,0,0,0,0,0,0,0,0,0,0,0,0,0,0,Grass
1000,1215,0,0,0,0,0,0,0,0,0,0,0,0,0,0,0,0,0,0,0,0,0,0,0,0,0,Grass
1000,1220,0,0,0,0,0,0,0,0,0,0,0,0,0,0,0,0,0,0,0,0,0,0,0,0,0,Grass
1000,1225,0,0,0,0,0,0,0,0,0,0,0,0,0,0,0,0,0,0,0,0,0,0,0,0,0,Grass
1000,1230,0,0,0,0,0,0,0,0,0,0,0,0,0,0,0,0,0,0,0,0,0,0,0,0,0,Grass
1000,1235,0,0,0,0,0,0,0,0,0,0,0,0,0,0,0,0,0,0,0,0,0,0,0,0,0,Grass
1000,1240,0,0,0,0,0,0,0,0,0,0,0,0,0,0,0,0,0,0,0,0,0,0,0,0,0,Grass
1000,1245,0,0,0,0,0,0,0,0,0,0,0,0,0,0,0,0,0,0,0,0,0,0,0,0,0,Grass
1000,1250,0,0,0,0,0,0,0,0,0,0,0,0,0,0,0,0,0,0,0,0,0,0,0,0,0,Grass
1000,1255,0,0,0,0,0,0,0,0,0,0,0,0,0,0,0,0,0,0,0,0,0,0,0,0,0,Grass
1000,1260,0,0,0,0,0,0,0,0,0,0,0,0,0,0,0,0,0,0,0,0,0,0,0,0,0,Grass
0,1205,0,0,0,0,0,0,0,0,0,0,0,0,0,0,0,0,0,0,0,0,0,0,0,0,0,Deer
0,1210,0,0,0,0,0,0,0,0,0,0,0,0,0,0,0,0,0,0,0,0,0,0,0,0,0,Deer
0,1215,0,0,0,0,0,0,0,0,0,0,0,0,0,0,0,0,0,0,0,0,0,0,0,0,0,Deer
0,1220,0,0,0,0,0,0,0,0,0,0,0,0,0,0,0,0,0,0,0,0,0,0,0,0,0,Deer
0,1225,0,0,0,0,0,0,0,0,0,0,0,0,0,0,0,0,0,0,0,0,0,0,0,0,0,Deer
0,1230,0,0,0,0,0,0,0,0,0,0,0,0,0,0,0,0,0,0,0,0,0,0,0,0,0,Deer
0,1235,0,0,0,0,0,0,0,0,0,0,0,0,0,0,0,0,0,0,0,0,0,0,0,0,0,Deer
0,1240,0,0,0,0,0,0,0,0,0,0,0,0,0,0,0,0,0,0,0,0,0,0,0,0,0,Deer
0,1245,0,0,0,0,0,0,0,0,0,0,0,0,0,0,0,0,0,0,0,0,0,0,0,0,0,Deer
0,1250,0,0,0,0,0,0,0,0,0,0,0,0,0,0,0,0,0,0,0,0,0,0,0,0,0,Deer
0,1255,0,0,0,0,0,0,0,0,0,0,0,0,0,0,0,0,0,0,0,0,0,0,0,0,0,Deer
0,1260,0,0,0,0,0,0,0,0,0,0,0,0,0,0,0,0,0,0,0,0,0,0,0,0,0,Deer
3,1205,0,0,0,0,0,0,1.06474,1.343874,0.63,0.53,7,3,144,117,15,261,1317,2,400,200,0.94,5,0.1,3,0.1,Bear
3,1210,0,0,0,0,0,0,1.06474,1.343874,0.63,0.53,7,3,144,117,15,261,1317,2,400,200,0.94,5,0.1,3,0.1,Bear
3,1215,0,0,0,0,0,0,1.06474,1.343874,0.63,0.53,7,3,144,117,15,261,1317,2,400,200,0.94,5,0.1,3,0.1,Bear
2,1220,0,1,0,0,1,0,1.056897,1.437006,0.63,0.53,7,3,144,117,15,261,1317,2,400,200,0.94,5,0.1,3,0.1,Bear
1,1225,0,1,0,0,1,0,1.110964,1.452336,0.63,0.53,7,3,144,117,15,261,1317,2,400,200,0.94,5,0.1,3,0.1,Bear
1,1230,0,0,0,0,0,0,1.110964,1.452336,0.63,0.53,7,3,144,117,15,261,1317,2,400,200,0.94,5,0.1,3,0.1,Bear
1,1235,0,0,0,0,0,0,1.110964,1.452336,0.63,0.53,7,3,144,117,15,261,1317,2,400,200,0.94,5,0.1,3,0.1,Bear
1,1240,0,0,0,0,0,0,1.110964,1.452336,0.63,0.53,7,3,144,117,15,261,1317,2,400,200,0.94,5,0.1,3,0.1,Bear
1,1245,0,0,0,0,0,0,1.110964,1.452336,0.63,0.53,7,3,144,117,15,261,1317,2,400,200,0.94,5,0.1,3,0.1,Bear
1,1250,0,0,0,0,0,0,1.110964,1.452336,0.63,0.53,7,3,144,117,15,261,1317,2,400,200,0.94,5,0.1,3,0.1,Bear
1,1255,0,0,0,0,0,0,1.110964,1.452336,0.63,0.53,7,3,144,117,15,261,1317,2,400,200,0.94,5,0.1,3,0.1,Bear
0,1260,0,1,0,0,1,0,0,0,0,0,0,0,0,0,0,0,0,0,0,0,0,0,0,0,0,Bear
1000,1265,0,0,0,0,0,0,0,0,0,0,0,0,0,0,0,0,0,0,0,0,0,0,0,0,0,Grass
1000,1270,0,0,0,0,0,0,0,0,0,0,0,0,0,0,0,0,0,0,0,0,0,0,0,0,0,Grass
1000,1275,0,0,0,0,0,0,0,0,0,0,0,0,0,0,0,0,0,0,0,0,0,0,0,0,0,Grass
1000,1280,0,0,0,0,0,0,0,0,0,0,0,0,0,0,0,0,0,0,0,0,0,0,0,0,0,Grass
1000,1285,0,0,0,0,0,0,0,0,0,0,0,0,0,0,0,0,0,0,0,0,0,0,0,0,0,Grass
1000,1290,0,0,0,0,0,0,0,0,0,0,0,0,0,0,0,0,0,0,0,0,0,0,0,0,0,Grass
1000,1295,0,0,0,0,0,0,0,0,0,0,0,0,0,0,0,0,0,0,0,0,0,0,0,0,0,Grass
1000,1300,0,0,0,0,0,0,0,0,0,0,0,0,0,0,0,0,0,0,0,0,0,0,0,0,0,Grass
1000,1305,0,0,0,0,0,0,0,0,0,0,0,0,0,0,0,0,0,0,0,0,0,0,0,0,0,Grass
1000,1310,0,0,0,0,0,0,0,0,0,0,0,0,0,0,0,0,0,0,0,0,0,0,0,0,0,Grass
1000,1315,0,0,0,0,0,0,0,0,0,0,0,0,0,0,0,0,0,0,0,0,0,0,0,0,0,Grass
1000,1320,0,0,0,0,0,0,0,0,0,0,0,0,0,0,0,0,0,0,0,0,0,0,0,0,0,Grass
0,1265,0,0,0,0,0,0,0,0,0,0,0,0,0,0,0,0,0,0,0,0,0,0,0,0,0,Deer
0,1270,0,0,0,0,0,0,0,0,0,0,0,0,0,0,0,0,0,0,0,0,0,0,0,0,0,Deer
0,1275,0,0,0,0,0,0,0,0,0,0,0,0,0,0,0,0,0,0,0,0,0,0,0,0,0,Deer
0,1280,0,0,0,0,0,0,0,0,0,0,0,0,0,0,0,0,0,0,0,0,0,0,0,0,0,Deer
0,1285,0,0,0,0,0,0,0,0,0,0,0,0,0,0,0,0,0,0,0,0,0,0,0,0,0,Deer
0,1290,0,0,0,0,0,0,0,0,0,0,0,0,0,0,0,0,0,0,0,0,0,0,0,0,0,Deer
0,1295,0,0,0,0,0,0,0,0,0,0,0,0,0,0,0,0,0,0,0,0,0,0,0,0,0,Deer
0,1300,0,0,0,0,0,0,0,0,0,0,0,0,0,0,0,0,0,0,0,0,0,0,0,0,0,Deer
0,1305,0,0,0,0,0,0,0,0,0,0,0,0,0,0,0,0,0,0,0,0,0,0,0,0,0,Deer
0,1310,0,0,0,0,0,0,0,0,0,0,0,0,0,0,0,0,0,0,0,0,0,0,0,0,0,Deer
0,1315,0,0,0,0,0,0,0,0,0,0,0,0,0,0,0,0,0,0,0,0,0,0,0,0,0,Deer
0,1320,0,0,0,0,0,0,0,0,0,0,0,0,0,0,0,0,0,0,0,0,0,0,0,0,0,Deer
0,1265,0,0,0,0,0,0,0,0,0,0,0,0,0,0,0,0,0,0,0,0,0,0,0,0,0,Bear
0,1270,0,0,0,0,0,0,0,0,0,0,0,0,0,0,0,0,0,0,0,0,0,0,0,0,0,Bear
0,1275,0,0,0,0,0,0,0,0,0,0,0,0,0,0,0,0,0,0,0,0,0,0,0,0,0,Bear
0,1280,0,0,0,0,0,0,0,0,0,0,0,0,0,0,0,0,0,0,0,0,0,0,0,0,0,Bear
0,1285,0,0,0,0,0,0,0,0,0,0,0,0,0,0,0,0,0,0,0,0,0,0,0,0,0,Bear
0,1290,0,0,0,0,0,0,0,0,0,0,0,0,0,0,0,0,0,0,0,0,0,0,0,0,0,Bear
0,1295,0,0,0,0,0,0,0,0,0,0,0,0,0,0,0,0,0,0,0,0,0,0,0,0,0,Bear
0,1300,0,0,0,0,0,0,0,0,0,0,0,0,0,0,0,0,0,0,0,0,0,0,0,0,0,Bear
0,1305,0,0,0,0,0,0,0,0,0,0,0,0,0,0,0,0,0,0,0,0,0,0,0,0,0,Bear
0,1310,0,0,0,0,0,0,0,0,0,0,0,0,0,0,0,0,0,0,0,0,0,0,0,0,0,Bear
0,1315,0,0,0,0,0,0,0,0,0,0,0,0,0,0,0,0,0,0,0,0,0,0,0,0,0,Bear
0,1320,0,0,0,0,0,0,0,0,0,0,0,0,0,0,0,0,0,0,0,0,0,0,0,0,0,Bear
1000,1325,0,0,0,0,0,0,0,0,0,0,0,0,0,0,0,0,0,0,0,0,0,0,0,0,0,Grass
1000,1330,0,0,0,0,0,0,0,0,0,0,0,0,0,0,0,0,0,0,0,0,0,0,0,0,0,Grass
1000,1335,0,0,0,0,0,0,0,0,0,0,0,0,0,0,0,0,0,0,0,0,0,0,0,0,0,Grass
1000,1340,0,0,0,0,0,0,0,0,0,0,0,0,0,0,0,0,0,0,0,0,0,0,0,0,0,Grass
1000,1345,0,0,0,0,0,0,0,0,0,0,0,0,0,0,0,0,0,0,0,0,0,0,0,0,0,Grass
1000,1350,0,0,0,0,0,0,0,0,0,0,0,0,0,0,0,0,0,0,0,0,0,0,0,0,0,Grass
1000,1355,0,0,0,0,0,0,0,0,0,0,0,0,0,0,0,0,0,0,0,0,0,0,0,0,0,Grass
1000,1360,0,0,0,0,0,0,0,0,0,0,0,0,0,0,0,0,0,0,0,0,0,0,0,0,0,Grass
1000,1365,0,0,0,0,0,0,0,0,0,0,0,0,0,0,0,0,0,0,0,0,0,0,0,0,0,Grass
1000,1370,0,0,0,0,0,0,0,0,0,0,0,0,0,0,0,0,0,0,0,0,0,0,0,0,0,Grass
1000,1375,0,0,0,0,0,0,0,0,0,0,0,0,0,0,0,0,0,0,0,0,0,0,0,0,0,Grass
1000,1380,0,0,0,0,0,0,0,0,0,0,0,0,0,0,0,0,0,0,0,0,0,0,0,0,0,Grass
0,1325,0,0,0,0,0,0,0,0,0,0,0,0,0,0,0,0,0,0,0,0,0,0,0,0,0,Deer
0,1330,0,0,0,0,0,0,0,0,0,0,0,0,0,0,0,0,0,0,0,0,0,0,0,0,0,Deer
0,1335,0,0,0,0,0,0,0,0,0,0,0,0,0,0,0,0,0,0,0,0,0,0,0,0,0,Deer
0,1340,0,0,0,0,0,0,0,0,0,0,0,0,0,0,0,0,0,0,0,0,0,0,0,0,0,Deer
0,1345,0,0,0,0,0,0,0,0,0,0,0,0,0,0,0,0,0,0,0,0,0,0,0,0,0,Deer
0,1350,0,0,0,0,0,0,0,0,0,0,0,0,0,0,0,0,0,0,0,0,0,0,0,0,0,Deer
0,1355,0,0,0,0,0,0,0,0,0,0,0,0,0,0,0,0,0,0,0,0,0,0,0,0,0,Deer
0,1360,0,0,0,0,0,0,0,0,0,0,0,0,0,0,0,0,0,0,0,0,0,0,0,0,0,Deer
0,1365,0,0,0,0,0,0,0,0,0,0,0,0,0,0,0,0,0,0,0,0,0,0,0,0,0,Deer
0,1370,0,0,0,0,0,0,0,0,0,0,0,0,0,0,0,0,0,0,0,0,0,0,0,0,0,Deer
0,1375,0,0,0,0,0,0,0,0,0,0,0,0,0,0,0,0,0,0,0,0,0,0,0,0,0,Deer
0,1380,0,0,0,0,0,0,0,0,0,0,0,0,0,0,0,0,0,0,0,0,0,0,0,0,0,Deer
0,1325,0,0,0,0,0,0,0,0,0,0,0,0,0,0,0,0,0,0,0,0,0,0,0,0,0,Bear
0,1330,0,0,0,0,0,0,0,0,0,0,0,0,0,0,0,0,0,0,0,0,0,0,0,0,0,Bear
0,1335,0,0,0,0,0,0,0,0,0,0,0,0,0,0,0,0,0,0,0,0,0,0,0,0,0,Bear
0,1340,0,0,0,0,0,0,0,0,0,0,0,0,0,0,0,0,0,0,0,0,0,0,0,0,0,Bear
0,1345,0,0,0,0,0,0,0,0,0,0,0,0,0,0,0,0,0,0,0,0,0,0,0,0,0,Bear
0,1350,0,0,0,0,0,0,0,0,0,0,0,0,0,0,0,0,0,0,0,0,0,0,0,0,0,Bear
0,1355,0,0,0,0,0,0,0,0,0,0,0,0,0,0,0,0,0,0,0,0,0,0,0,0,0,Bear
0,1360,0,0,0,0,0,0,0,0,0,0,0,0,0,0,0,0,0,0,0,0,0,0,0,0,0,Bear
0,1365,0,0,0,0,0,0,0,0,0,0,0,0,0,0,0,0,0,0,0,0,0,0,0,0,0,Bear
0,1370,0,0,0,0,0,0,0,0,0,0,0,0,0,0,0,0,0,0,0,0,0,0,0,0,0,Bear
0,1375,0,0,0,0,0,0,0,0,0,0,0,0,0,0,0,0,0,0,0,0,0,0,0,0,0,Bear
0,1380,0,0,0,0,0,0,0,0,0,0,0,0,0,0,0,0,0,0,0,0,0,0,0,0,0,Bear
1000,1385,0,0,0,0,0,0,0,0,0,0,0,0,0,0,0,0,0,0,0,0,0,0,0,0,0,Grass
1000,1390,0,0,0,0,0,0,0,0,0,0,0,0,0,0,0,0,0,0,0,0,0,0,0,0,0,Grass
1000,1395,0,0,0,0,0,0,0,0,0,0,0,0,0,0,0,0,0,0,0,0,0,0,0,0,0,Grass
1000,1400,0,0,0,0,0,0,0,0,0,0,0,0,0,0,0,0,0,0,0,0,0,0,0,0,0,Grass
1000,1405,0,0,0,0,0,0,0,0,0,0,0,0,0,0,0,0,0,0,0,0,0,0,0,0,0,Grass
1000,1410,0,0,0,0,0,0,0,0,0,0,0,0,0,0,0,0,0,0,0,0,0,0,0,0,0,Grass
1000,1415,0,0,0,0,0,0,0,0,0,0,0,0,0,0,0,0,0,0,0,0,0,0,0,0,0,Grass
1000,1420,0,0,0,0,0,0,0,0,0,0,0,0,0,0,0,0,0,0,0,0,0,0,0,0,0,Grass
1000,1425,0,0,0,0,0,0,0,0,0,0,0,0,0,0,0,0,0,0,0,0,0,0,0,0,0,Grass
1000,1430,0,0,0,0,0,0,0,0,0,0,0,0,0,0,0,0,0,0,0,0,0,0,0,0,0,Grass
1000,1435,0,0,0,0,0,0,0,0,0,0,0,0,0,0,0,0,0,0,0,0,0,0,0,0,0,Grass
1000,1440,0,0,0,0,0,0,0,0,0,0,0,0,0,0,0,0,0,0,0,0,0,0,0,0,0,Grass
0,1385,0,0,0,0,0,0,0,0,0,0,0,0,0,0,0,0,0,0,0,0,0,0,0,0,0,Deer
0,1390,0,0,0,0,0,0,0,0,0,0,0,0,0,0,0,0,0,0,0,0,0,0,0,0,0,Deer
0,1395,0,0,0,0,0,0,0,0,0,0,0,0,0,0,0,0,0,0,0,0,0,0,0,0,0,Deer
0,1400,0,0,0,0,0,0,0,0,0,0,0,0,0,0,0,0,0,0,0,0,0,0,0,0,0,Deer
0,1405,0,0,0,0,0,0,0,0,0,0,0,0,0,0,0,0,0,0,0,0,0,0,0,0,0,Deer
0,1410,0,0,0,0,0,0,0,0,0,0,0,0,0,0,0,0,0,0,0,0,0,0,0,0,0,Deer
0,1415,0,0,0,0,0,0,0,0,0,0,0,0,0,0,0,0,0,0,0,0,0,0,0,0,0,Deer
0,1420,0,0,0,0,0,0,0,0,0,0,0,0,0,0,0,0,0,0,0,0,0,0,0,0,0,Deer
0,1425,0,0,0,0,0,0,0,0,0,0,0,0,0,0,0,0,0,0,0,0,0,0,0,0,0,Deer
0,1430,0,0,0,0,0,0,0,0,0,0,0,0,0,0,0,0,0,0,0,0,0,0,0,0,0,Deer
0,1435,0,0,0,0,0,0,0,0,0,0,0,0,0,0,0,0,0,0,0,0,0,0,0,0,0,Deer
0,1440,0,0,0,0,0,0,0,0,0,0,0,0,0,0,0,0,0,0,0,0,0,0,0,0,0,Deer
0,1385,0,0,0,0,0,0,0,0,0,0,0,0,0,0,0,0,0,0,0,0,0,0,0,0,0,Bear
0,1390,0,0,0,0,0,0,0,0,0,0,0,0,0,0,0,0,0,0,0,0,0,0,0,0,0,Bear
0,1395,0,0,0,0,0,0,0,0,0,0,0,0,0,0,0,0,0,0,0,0,0,0,0,0,0,Bear
0,1400,0,0,0,0,0,0,0,0,0,0,0,0,0,0,0,0,0,0,0,0,0,0,0,0,0,Bear
0,1405,0,0,0,0,0,0,0,0,0,0,0,0,0,0,0,0,0,0,0,0,0,0,0,0,0,Bear
0,1410,0,0,0,0,0,0,0,0,0,0,0,0,0,0,0,0,0,0,0,0,0,0,0,0,0,Bear
0,1415,0,0,0,0,0,0,0,0,0,0,0,0,0,0,0,0,0,0,0,0,0,0,0,0,0,Bear
0,1420,0,0,0,0,0,0,0,0,0,0,0,0,0,0,0,0,0,0,0,0,0,0,0,0,0,Bear
0,1425,0,0,0,0,0,0,0,0,0,0,0,0,0,0,0,0,0,0,0,0,0,0,0,0,0,Bear
0,1430,0,0,0,0,0,0,0,0,0,0,0,0,0,0,0,0,0,0,0,0,0,0,0,0,0,Bear
0,1435,0,0,0,0,0,0,0,0,0,0,0,0,0,0,0,0,0,0,0,0,0,0,0,0,0,Bear
0,1440,0,0,0,0,0,0,0,0,0,0,0,0,0,0,0,0,0,0,0,0,0,0,0,0,0,Bear
1000,1445,0,0,0,0,0,0,0,0,0,0,0,0,0,0,0,0,0,0,0,0,0,0,0,0,0,Grass
1000,1450,0,0,0,0,0,0,0,0,0,0,0,0,0,0,0,0,0,0,0,0,0,0,0,0,0,Grass
1000,1455,0,0,0,0,0,0,0,0,0,0,0,0,0,0,0,0,0,0,0,0,0,0,0,0,0,Grass
1000,1460,0,0,0,0,0,0,0,0,0,0,0,0,0,0,0,0,0,0,0,0,0,0,0,0,0,Grass
1000,1465,0,0,0,0,0,0,0,0,0,0,0,0,0,0,0,0,0,0,0,0,0,0,0,0,0,Grass
1000,1470,0,0,0,0,0,0,0,0,0,0,0,0,0,0,0,0,0,0,0,0,0,0,0,0,0,Grass
1000,1475,0,0,0,0,0,0,0,0,0,0,0,0,0,0,0,0,0,0,0,0,0,0,0,0,0,Grass
1000,1480,0,0,0,0,0,0,0,0,0,0,0,0,0,0,0,0,0,0,0,0,0,0,0,0,0,Grass
1000,1485,0,0,0,0,0,0,0,0,0,0,0,0,0,0,0,0,0,0,0,0,0,0,0,0,0,Grass
1000,1490,0,0,0,0,0,0,0,0,0,0,0,0,0,0,0,0,0,0,0,0,0,0,0,0,0,Grass
1000,1495,0,0,0,0,0,0,0,0,0,0,0,0,0,0,0,0,0,0,0,0,0,0,0,0,0,Grass
1000,1500,0,0,0,0,0,0,0,0,0,0,0,0,0,0,0,0,0,0,0,0,0,0,0,0,0,Grass
0,1445,0,0,0,0,0,0,0,0,0,0,0,0,0,0,0,0,0,0,0,0,0,0,0,0,0,Deer
0,1450,0,0,0,0,0,0,0,0,0,0,0,0,0,0,0,0,0,0,0,0,0,0,0,0,0,Deer
0,1455,0,0,0,0,0,0,0,0,0,0,0,0,0,0,0,0,0,0,0,0,0,0,0,0,0,Deer
0,1460,0,0,0,0,0,0,0,0,0,0,0,0,0,0,0,0,0,0,0,0,0,0,0,0,0,Deer
0,1465,0,0,0,0,0,0,0,0,0,0,0,0,0,0,0,0,0,0,0,0,0,0,0,0,0,Deer
0,1470,0,0,0,0,0,0,0,0,0,0,0,0,0,0,0,0,0,0,0,0,0,0,0,0,0,Deer
0,1475,0,0,0,0,0,0,0,0,0,0,0,0,0,0,0,0,0,0,0,0,0,0,0,0,0,Deer
0,1480,0,0,0,0,0,0,0,0,0,0,0,0,0,0,0,0,0,0,0,0,0,0,0,0,0,Deer
0,1485,0,0,0,0,0,0,0,0,0,0,0,0,0,0,0,0,0,0,0,0,0,0,0,0,0,Deer
0,1490,0,0,0,0,0,0,0,0,0,0,0,0,0,0,0,0,0,0,0,0,0,0,0,0,0,Deer
0,1495,0,0,0,0,0,0,0,0,0,0,0,0,0,0,0,0,0,0,0,0,0,0,0,0,0,Deer
0,1500,0,0,0,0,0,0,0,0,0,0,0,0,0,0,0,0,0,0,0,0,0,0,0,0,0,Deer
0,1445,0,0,0,0,0,0,0,0,0,0,0,0,0,0,0,0,0,0,0,0,0,0,0,0,0,Bear
0,1450,0,0,0,0,0,0,0,0,0,0,0,0,0,0,0,0,0,0,0,0,0,0,0,0,0,Bear
0,1455,0,0,0,0,0,0,0,0,0,0,0,0,0,0,0,0,0,0,0,0,0,0,0,0,0,Bear
0,1460,0,0,0,0,0,0,0,0,0,0,0,0,0,0,0,0,0,0,0,0,0,0,0,0,0,Bear
0,1465,0,0,0,0,0,0,0,0,0,0,0,0,0,0,0,0,0,0,0,0,0,0,0,0,0,Bear
0,1470,0,0,0,0,0,0,0,0,0,0,0,0,0,0,0,0,0,0,0,0,0,0,0,0,0,Bear
0,1475,0,0,0,0,0,0,0,0,0,0,0,0,0,0,0,0,0,0,0,0,0,0,0,0,0,Bear
0,1480,0,0,0,0,0,0,0,0,0,0,0,0,0,0,0,0,0,0,0,0,0,0,0,0,0,Bear
0,1485,0,0,0,0,0,0,0,0,0,0,0,0,0,0,0,0,0,0,0,0,0,0,0,0,0,Bear
0,1490,0,0,0,0,0,0,0,0,0,0,0,0,0,0,0,0,0,0,0,0,0,0,0,0,0,Bear
0,1495,0,0,0,0,0,0,0,0,0,0,0,0,0,0,0,0,0,0,0,0,0,0,0,0,0,Bear
0,1500,0,0,0,0,0,0,0,0,0,0,0,0,0,0,0,0,0,0,0,0,0,0,0,0,0,Bear
1000,1505,0,0,0,0,0,0,0,0,0,0,0,0,0,0,0,0,0,0,0,0,0,0,0,0,0,Grass
1000,1510,0,0,0,0,0,0,0,0,0,0,0,0,0,0,0,0,0,0,0,0,0,0,0,0,0,Grass
1000,1515,0,0,0,0,0,0,0,0,0,0,0,0,0,0,0,0,0,0,0,0,0,0,0,0,0,Grass
1000,1520,0,0,0,0,0,0,0,0,0,0,0,0,0,0,0,0,0,0,0,0,0,0,0,0,0,Grass
1000,1525,0,0,0,0,0,0,0,0,0,0,0,0,0,0,0,0,0,0,0,0,0,0,0,0,0,Grass
1000,1530,0,0,0,0,0,0,0,0,0,0,0,0,0,0,0,0,0,0,0,0,0,0,0,0,0,Grass
1000,1535,0,0,0,0,0,0,0,0,0,0,0,0,0,0,0,0,0,0,0,0,0,0,0,0,0,Grass
1000,1540,0,0,0,0,0,0,0,0,0,0,0,0,0,0,0,0,0,0,0,0,0,0,0,0,0,Grass
1000,1545,0,0,0,0,0,0,0,0,0,0,0,0,0,0,0,0,0,0,0,0,0,0,0,0,0,Grass
1000,1550,0,0,0,0,0,0,0,0,0,0,0,0,0,0,0,0,0,0,0,0,0,0,0,0,0,Grass
1000,1555,0,0,0,0,0,0,0,0,0,0,0,0,0,0,0,0,0,0,0,0,0,0,0,0,0,Grass
1000,1560,0,0,0,0,0,0,0,0,0,0,0,0,0,0,0,0,0,0,0,0,0,0,0,0,0,Grass
0,1505,0,0,0,0,0,0,0,0,0,0,0,0,0,0,0,0,0,0,0,0,0,0,0,0,0,Deer
0,1510,0,0,0,0,0,0,0,0,0,0,0,0,0,0,0,0,0,0,0,0,0,0,0,0,0,Deer
0,1515,0,0,0,0,0,0,0,0,0,0,0,0,0,0,0,0,0,0,0,0,0,0,0,0,0,Deer
0,1520,0,0,0,0,0,0,0,0,0,0,0,0,0,0,0,0,0,0,0,0,0,0,0,0,0,Deer
0,1525,0,0,0,0,0,0,0,0,0,0,0,0,0,0,0,0,0,0,0,0,0,0,0,0,0,Deer
0,1530,0,0,0,0,0,0,0,0,0,0,0,0,0,0,0,0,0,0,0,0,0,0,0,0,0,Deer
0,1535,0,0,0,0,0,0,0,0,0,0,0,0,0,0,0,0,0,0,0,0,0,0,0,0,0,Deer
0,1540,0,0,0,0,0,0,0,0,0,0,0,0,0,0,0,0,0,0,0,0,0,0,0,0,0,Deer
0,1545,0,0,0,0,0,0,0,0,0,0,0,0,0,0,0,0,0,0,0,0,0,0,0,0,0,Deer
0,1550,0,0,0,0,0,0,0,0,0,0,0,0,0,0,0,0,0,0,0,0,0,0,0,0,0,Deer
0,1555,0,0,0,0,0,0,0,0,0,0,0,0,0,0,0,0,0,0,0,0,0,0,0,0,0,Deer
0,1560,0,0,0,0,0,0,0,0,0,0,0,0,0,0,0,0,0,0,0,0,0,0,0,0,0,Deer
0,1505,0,0,0,0,0,0,0,0,0,0,0,0,0,0,0,0,0,0,0,0,0,0,0,0,0,Bear
0,1510,0,0,0,0,0,0,0,0,0,0,0,0,0,0,0,0,0,0,0,0,0,0,0,0,0,Bear
0,1515,0,0,0,0,0,0,0,0,0,0,0,0,0,0,0,0,0,0,0,0,0,0,0,0,0,Bear
0,1520,0,0,0,0,0,0,0,0,0,0,0,0,0,0,0,0,0,0,0,0,0,0,0,0,0,Bear
0,1525,0,0,0,0,0,0,0,0,0,0,0,0,0,0,0,0,0,0,0,0,0,0,0,0,0,Bear
0,1530,0,0,0,0,0,0,0,0,0,0,0,0,0,0,0,0,0,0,0,0,0,0,0,0,0,Bear
0,1535,0,0,0,0,0,0,0,0,0,0,0,0,0,0,0,0,0,0,0,0,0,0,0,0,0,Bear
0,1540,0,0,0,0,0,0,0,0,0,0,0,0,0,0,0,0,0,0,0,0,0,0,0,0,0,Bear
0,1545,0,0,0,0,0,0,0,0,0,0,0,0,0,0,0,0,0,0,0,0,0,0,0,0,0,Bear
0,1550,0,0,0,0,0,0,0,0,0,0,0,0,0,0,0,0,0,0,0,0,0,0,0,0,0,Bear
0,1555,0,0,0,0,0,0,0,0,0,0,0,0,0,0,0,0,0,0,0,0,0,0,0,0,0,Bear
0,1560,0,0,0,0,0,0,0,0,0,0,0,0,0,0,0,0,0,0,0,0,0,0,0,0,0,Bear
1000,1565,0,0,0,0,0,0,0,0,0,0,0,0,0,0,0,0,0,0,0,0,0,0,0,0,0,Grass
1000,1570,0,0,0,0,0,0,0,0,0,0,0,0,0,0,0,0,0,0,0,0,0,0,0,0,0,Grass
1000,1575,0,0,0,0,0,0,0,0,0,0,0,0,0,0,0,0,0,0,0,0,0,0,0,0,0,Grass
1000,1580,0,0,0,0,0,0,0,0,0,0,0,0,0,0,0,0,0,0,0,0,0,0,0,0,0,Grass
1000,1585,0,0,0,0,0,0,0,0,0,0,0,0,0,0,0,0,0,0,0,0,0,0,0,0,0,Grass
1000,1590,0,0,0,0,0,0,0,0,0,0,0,0,0,0,0,0,0,0,0,0,0,0,0,0,0,Grass
1000,1595,0,0,0,0,0,0,0,0,0,0,0,0,0,0,0,0,0,0,0,0,0,0,0,0,0,Grass
1000,1600,0,0,0,0,0,0,0,0,0,0,0,0,0,0,0,0,0,0,0,0,0,0,0,0,0,Grass
1000,1605,0,0,0,0,0,0,0,0,0,0,0,0,0,0,0,0,0,0,0,0,0,0,0,0,0,Grass
1000,1610,0,0,0,0,0,0,0,0,0,0,0,0,0,0,0,0,0,0,0,0,0,0,0,0,0,Grass
1000,1615,0,0,0,0,0,0,0,0,0,0,0,0,0,0,0,0,0,0,0,0,0,0,0,0,0,Grass
1000,1620,0,0,0,0,0,0,0,0,0,0,0,0,0,0,0,0,0,0,0,0,0,0,0,0,0,Grass
0,1565,0,0,0,0,0,0,0,0,0,0,0,0,0,0,0,0,0,0,0,0,0,0,0,0,0,Deer
0,1570,0,0,0,0,0,0,0,0,0,0,0,0,0,0,0,0,0,0,0,0,0,0,0,0,0,Deer
0,1575,0,0,0,0,0,0,0,0,0,0,0,0,0,0,0,0,0,0,0,0,0,0,0,0,0,Deer
0,1580,0,0,0,0,0,0,0,0,0,0,0,0,0,0,0,0,0,0,0,0,0,0,0,0,0,Deer
0,1585,0,0,0,0,0,0,0,0,0,0,0,0,0,0,0,0,0,0,0,0,0,0,0,0,0,Deer
0,1590,0,0,0,0,0,0,0,0,0,0,0,0,0,0,0,0,0,0,0,0,0,0,0,0,0,Deer
0,1595,0,0,0,0,0,0,0,0,0,0,0,0,0,0,0,0,0,0,0,0,0,0,0,0,0,Deer
0,1600,0,0,0,0,0,0,0,0,0,0,0,0,0,0,0,0,0,0,0,0,0,0,0,0,0,Deer
0,1605,0,0,0,0,0,0,0,0,0,0,0,0,0,0,0,0,0,0,0,0,0,0,0,0,0,Deer
0,1610,0,0,0,0,0,0,0,0,0,0,0,0,0,0,0,0,0,0,0,0,0,0,0,0,0,Deer
0,1615,0,0,0,0,0,0,0,0,0,0,0,0,0,0,0,0,0,0,0,0,0,0,0,0,0,Deer
0,1620,0,0,0,0,0,0,0,0,0,0,0,0,0,0,0,0,0,0,0,0,0,0,0,0,0,Deer
0,1565,0,0,0,0,0,0,0,0,0,0,0,0,0,0,0,0,0,0,0,0,0,0,0,0,0,Bear
0,1570,0,0,0,0,0,0,0,0,0,0,0,0,0,0,0,0,0,0,0,0,0,0,0,0,0,Bear
0,1575,0,0,0,0,0,0,0,0,0,0,0,0,0,0,0,0,0,0,0,0,0,0,0,0,0,Bear
0,1580,0,0,0,0,0,0,0,0,0,0,0,0,0,0,0,0,0,0,0,0,0,0,0,0,0,Bear
0,1585,0,0,0,0,0,0,0,0,0,0,0,0,0,0,0,0,0,0,0,0,0,0,0,0,0,Bear
0,1590,0,0,0,0,0,0,0,0,0,0,0,0,0,0,0,0,0,0,0,0,0,0,0,0,0,Bear
0,1595,0,0,0,0,0,0,0,0,0,0,0,0,0,0,0,0,0,0,0,0,0,0,0,0,0,Bear
0,1600,0,0,0,0,0,0,0,0,0,0,0,0,0,0,0,0,0,0,0,0,0,0,0,0,0,Bear
0,1605,0,0,0,0,0,0,0,0,0,0,0,0,0,0,0,0,0,0,0,0,0,0,0,0,0,Bear
0,1610,0,0,0,0,0,0,0,0,0,0,0,0,0,0,0,0,0,0,0,0,0,0,0,0,0,Bear
0,1615,0,0,0,0,0,0,0,0,0,0,0,0,0,0,0,0,0,0,0,0,0,0,0,0,0,Bear
0,1620,0,0,0,0,0,0,0,0,0,0,0,0,0,0,0,0,0,0,0,0,0,0,0,0,0,Bear
